Cohort,AnimalID,Class,GAV,Code,Type,FamilyID,IntFamID
201604,201604BR326,Father,4.07,br,br,B2_014,1
201604,201604BR520,Mother,4.15,br,br,B2_014,1
201604,201604BR347,Father,5.14,br,br,B1_033,2
201604,201604BR456,Mother,0,br,br,B1_033,2
201602,201602BR088,Father,2.31,br,br,B3_012,3
201602,201602BR060,Mother,1.51,br,br,B3_012,3
201604,201604BR231,Father,3.15,br,br,B2_010,4
201604,201604BR094,Mother,3.71,br,br,B2_010,4
201604,201604BR223,Father,NA,br,br,B2_007,5
201604,201604BR102,Mother,0,br,br,B2_007,5
201602,201602BR087,Father,1.82,br,br,B3_011,6
201602,201602BR056,Mother,0,br,br,B3_011,6
201602,201602BR118,Father,NA,br,br,B3_020,7
201602,201602BR123,Mother,0,br,br,B3_020,7
201604,201604BR365,Father,3.55,br,br,B2_017,8
201604,201604BR537,Mother,2.04,br,br,B2_017,8
201602,201602BR121,Father,NA,br,br,B3_013,9
201602,201602BR063,Mother,2.29,br,br,B3_013,9
201604,201604BR323,Father,5.47,br,br,B2_013,10
201604,201604BR429,Mother,0,br,br,B2_013,10
201604,RA4_043,Offspring,NA,A4,larval,B2_014,1
201604,RA4_044,Offspring,NA,A4,larval,B2_014,1
201604,RA4_047,Offspring,NA,A4,larval,B2_014,1
201604,RA4_055,Offspring,NA,A4,larval,B2_014,1
201604,RA4_069,Offspring,NA,A4,larval,B2_014,1
201604,RA4_071,Offspring,NA,A4,larval,B2_014,1
201604,RA4_097,Offspring,NA,A4,larval,B2_014,1
201604,RA4_098,Offspring,NA,A4,larval,B2_014,1
201604,RA4_122,Offspring,NA,A4,larval,B2_014,1
201604,RA4_131,Offspring,NA,A4,larval,B2_014,1
201604,RA4_149,Offspring,NA,A4,larval,B2_014,1
201604,RA4_172,Offspring,NA,A4,larval,B2_014,1
201604,RA4_173,Offspring,NA,A4,larval,B2_014,1
201604,RA4_183,Offspring,NA,A4,larval,B2_014,1
201604,RA4_208,Offspring,NA,A4,larval,B2_014,1
201604,RA4_246,Offspring,NA,A4,larval,B2_014,1
201604,RA4_247,Offspring,NA,A4,larval,B2_014,1
201604,RA4_286,Offspring,NA,A4,larval,B2_014,1
201604,RA4_314,Offspring,NA,A4,larval,B2_014,1
201604,RA4_390,Offspring,NA,A4,larval,B2_014,1
201604,RA4_396,Offspring,NA,A4,larval,B2_014,1
201604,RA4_401,Offspring,NA,A4,larval,B2_014,1
201604,RA4_408,Offspring,NA,A4,larval,B2_014,1
201604,RA4_421,Offspring,NA,A4,larval,B2_014,1
201604,RA4_428,Offspring,NA,A4,larval,B2_014,1
201604,RA4_437,Offspring,NA,A4,larval,B2_014,1
201604,RA4_459,Offspring,NA,A4,larval,B2_014,1
201604,RA4_009,Offspring,NA,A4,larval,B2_010,4
201604,RA4_025,Offspring,NA,A4,larval,B2_010,4
201604,RA4_041,Offspring,NA,A4,larval,B2_010,4
201604,RA4_074,Offspring,NA,A4,larval,B2_010,4
201604,RA4_105,Offspring,NA,A4,larval,B2_010,4
201604,RA4_107,Offspring,NA,A4,larval,B2_010,4
201604,RA4_111,Offspring,NA,A4,larval,B2_010,4
201604,RA4_155,Offspring,NA,A4,larval,B2_010,4
201604,RA4_158,Offspring,NA,A4,larval,B2_010,4
201604,RA4_174,Offspring,NA,A4,larval,B2_010,4
201604,RA4_189,Offspring,NA,A4,larval,B2_010,4
201604,RA4_195,Offspring,NA,A4,larval,B2_010,4
201604,RA4_198,Offspring,NA,A4,larval,B2_010,4
201604,RA4_199,Offspring,NA,A4,larval,B2_010,4
201604,RA4_220,Offspring,NA,A4,larval,B2_010,4
201604,RA4_232,Offspring,NA,A4,larval,B2_010,4
201604,RA4_237,Offspring,NA,A4,larval,B2_010,4
201604,RA4_255,Offspring,NA,A4,larval,B2_010,4
201604,RA4_265,Offspring,NA,A4,larval,B2_010,4
201604,RA4_267,Offspring,NA,A4,larval,B2_010,4
201604,RA4_289,Offspring,NA,A4,larval,B2_010,4
201604,RA4_301,Offspring,NA,A4,larval,B2_010,4
201604,RA4_307,Offspring,NA,A4,larval,B2_010,4
201604,RA4_313,Offspring,NA,A4,larval,B2_010,4
201604,RA4_316,Offspring,NA,A4,larval,B2_010,4
201604,RA4_322,Offspring,NA,A4,larval,B2_010,4
201604,RA4_340,Offspring,NA,A4,larval,B2_010,4
201604,RA4_343,Offspring,NA,A4,larval,B2_010,4
201604,RA4_360,Offspring,NA,A4,larval,B2_010,4
201604,RA4_361,Offspring,NA,A4,larval,B2_010,4
201604,RA4_362,Offspring,NA,A4,larval,B2_010,4
201604,RA4_384,Offspring,NA,A4,larval,B2_010,4
201604,RA4_385,Offspring,NA,A4,larval,B2_010,4
201604,RA4_386,Offspring,NA,A4,larval,B2_010,4
201604,RA4_438,Offspring,NA,A4,larval,B2_010,4
201604,RA4_001,Offspring,NA,A4,larval,B2_007,5
201604,RA4_008,Offspring,NA,A4,larval,B2_007,5
201604,RA4_040,Offspring,NA,A4,larval,B2_007,5
201604,RA4_050,Offspring,NA,A4,larval,B2_007,5
201604,RA4_056,Offspring,NA,A4,larval,B2_007,5
201604,RA4_058,Offspring,NA,A4,larval,B2_007,5
201604,RA4_066,Offspring,NA,A4,larval,B2_007,5
201604,RA4_100,Offspring,NA,A4,larval,B2_007,5
201604,RA4_118,Offspring,NA,A4,larval,B2_007,5
201604,RA4_130,Offspring,NA,A4,larval,B2_007,5
201604,RA4_134,Offspring,NA,A4,larval,B2_007,5
201604,RA4_142,Offspring,NA,A4,larval,B2_007,5
201604,RA4_154,Offspring,NA,A4,larval,B2_007,5
201604,RA4_175,Offspring,NA,A4,larval,B2_007,5
201604,RA4_187,Offspring,NA,A4,larval,B2_007,5
201604,RA4_190,Offspring,NA,A4,larval,B2_007,5
201604,RA4_206,Offspring,NA,A4,larval,B2_007,5
201604,RA4_211,Offspring,NA,A4,larval,B2_007,5
201604,RA4_213,Offspring,NA,A4,larval,B2_007,5
201604,RA4_218,Offspring,NA,A4,larval,B2_007,5
201604,RA4_223,Offspring,NA,A4,larval,B2_007,5
201604,RA4_242,Offspring,NA,A4,larval,B2_007,5
201604,RA4_308,Offspring,NA,A4,larval,B2_007,5
201604,RA4_317,Offspring,NA,A4,larval,B2_007,5
201604,RA4_318,Offspring,NA,A4,larval,B2_007,5
201604,RA4_334,Offspring,NA,A4,larval,B2_007,5
201604,RA4_335,Offspring,NA,A4,larval,B2_007,5
201604,RA4_379,Offspring,NA,A4,larval,B2_007,5
201604,RA4_402,Offspring,NA,A4,larval,B2_007,5
201604,RA4_413,Offspring,NA,A4,larval,B2_007,5
201604,RA4_442,Offspring,NA,A4,larval,B2_007,5
201604,RA4_457,Offspring,NA,A4,larval,B2_007,5
201604,RA4_021,Offspring,NA,A4,larval,B2_017,8
201604,RA4_063,Offspring,NA,A4,larval,B2_017,8
201604,RA4_123,Offspring,NA,A4,larval,B2_017,8
201604,RA4_128,Offspring,NA,A4,larval,B2_017,8
201604,RA4_135,Offspring,NA,A4,larval,B2_017,8
201604,RA4_144,Offspring,NA,A4,larval,B2_017,8
201604,RA4_163,Offspring,NA,A4,larval,B2_017,8
201604,RA4_177,Offspring,NA,A4,larval,B2_017,8
201604,RA4_191,Offspring,NA,A4,larval,B2_017,8
201604,RA4_194,Offspring,NA,A4,larval,B2_017,8
201604,RA4_200,Offspring,NA,A4,larval,B2_017,8
201604,RA4_205,Offspring,NA,A4,larval,B2_017,8
201604,RA4_212,Offspring,NA,A4,larval,B2_017,8
201604,RA4_214,Offspring,NA,A4,larval,B2_017,8
201604,RA4_215,Offspring,NA,A4,larval,B2_017,8
201604,RA4_217,Offspring,NA,A4,larval,B2_017,8
201604,RA4_238,Offspring,NA,A4,larval,B2_017,8
201604,RA4_250,Offspring,NA,A4,larval,B2_017,8
201604,RA4_252,Offspring,NA,A4,larval,B2_017,8
201604,RA4_261,Offspring,NA,A4,larval,B2_017,8
201604,RA4_273,Offspring,NA,A4,larval,B2_017,8
201604,RA4_278,Offspring,NA,A4,larval,B2_017,8
201604,RA4_284,Offspring,NA,A4,larval,B2_017,8
201604,RA4_294,Offspring,NA,A4,larval,B2_017,8
201604,RA4_296,Offspring,NA,A4,larval,B2_017,8
201604,RA4_328,Offspring,NA,A4,larval,B2_017,8
201604,RA4_329,Offspring,NA,A4,larval,B2_017,8
201604,RA4_353,Offspring,NA,A4,larval,B2_017,8
201604,RA4_369,Offspring,NA,A4,larval,B2_017,8
201604,RA4_382,Offspring,NA,A4,larval,B2_017,8
201604,RA4_393,Offspring,NA,A4,larval,B2_017,8
201604,RA4_416,Offspring,NA,A4,larval,B2_017,8
201604,RA4_422,Offspring,NA,A4,larval,B2_017,8
201604,RA4_435,Offspring,NA,A4,larval,B2_017,8
201604,RA4_452,Offspring,NA,A4,larval,B2_017,8
201604,RA4_456,Offspring,NA,A4,larval,B2_017,8
201604,RA4_465,Offspring,NA,A4,larval,B2_017,8
201604,RA4_468,Offspring,NA,A4,larval,B2_017,8
201604,RA4_003,Offspring,NA,A4,larval,B2_013,10
201604,RA4_005,Offspring,NA,A4,larval,B2_013,10
201604,RA4_015,Offspring,NA,A4,larval,B2_013,10
201604,RA4_064,Offspring,NA,A4,larval,B2_013,10
201604,RA4_067,Offspring,NA,A4,larval,B2_013,10
201604,RA4_075,Offspring,NA,A4,larval,B2_013,10
201604,RA4_077,Offspring,NA,A4,larval,B2_013,10
201604,RA4_085,Offspring,NA,A4,larval,B2_013,10
201604,RA4_086,Offspring,NA,A4,larval,B2_013,10
201604,RA4_101,Offspring,NA,A4,larval,B2_013,10
201604,RA4_114,Offspring,NA,A4,larval,B2_013,10
201604,RA4_115,Offspring,NA,A4,larval,B2_013,10
201604,RA4_138,Offspring,NA,A4,larval,B2_013,10
201604,RA4_145,Offspring,NA,A4,larval,B2_013,10
201604,RA4_202,Offspring,NA,A4,larval,B2_013,10
201604,RA4_224,Offspring,NA,A4,larval,B2_013,10
201604,RA4_229,Offspring,NA,A4,larval,B2_013,10
201604,RA4_230,Offspring,NA,A4,larval,B2_013,10
201604,RA4_263,Offspring,NA,A4,larval,B2_013,10
201604,RA4_285,Offspring,NA,A4,larval,B2_013,10
201604,RA4_293,Offspring,NA,A4,larval,B2_013,10
201604,RA4_304,Offspring,NA,A4,larval,B2_013,10
201604,RA4_327,Offspring,NA,A4,larval,B2_013,10
201604,RA4_342,Offspring,NA,A4,larval,B2_013,10
201604,RA4_344,Offspring,NA,A4,larval,B2_013,10
201604,RA4_372,Offspring,NA,A4,larval,B2_013,10
201604,RA4_383,Offspring,NA,A4,larval,B2_013,10
201604,RA4_405,Offspring,NA,A4,larval,B2_013,10
201604,RA4_433,Offspring,NA,A4,larval,B2_013,10
201604,RA4_439,Offspring,NA,A4,larval,B2_013,10
201604,RA4_444,Offspring,NA,A4,larval,B2_013,10
201604,RA4_467,Offspring,NA,A4,larval,B2_013,10
201604,RA5_004,Offspring,NA,A5,larval,B2_014,1
201604,RA5_008,Offspring,NA,A5,larval,B2_014,1
201604,RA5_013,Offspring,NA,A5,larval,B2_014,1
201604,RA5_020,Offspring,NA,A5,larval,B2_014,1
201604,RA5_021,Offspring,NA,A5,larval,B2_014,1
201604,RA5_031,Offspring,NA,A5,larval,B2_014,1
201604,RA5_039,Offspring,NA,A5,larval,B2_014,1
201604,RA5_047,Offspring,NA,A5,larval,B2_014,1
201604,RA5_061,Offspring,NA,A5,larval,B2_014,1
201604,RA5_067,Offspring,NA,A5,larval,B2_014,1
201604,RA5_087,Offspring,NA,A5,larval,B2_014,1
201604,RA5_104,Offspring,NA,A5,larval,B2_014,1
201604,RA5_108,Offspring,NA,A5,larval,B2_014,1
201604,RA5_124,Offspring,NA,A5,larval,B2_014,1
201604,RA5_132,Offspring,NA,A5,larval,B2_014,1
201604,RA5_149,Offspring,NA,A5,larval,B2_014,1
201604,RA5_154,Offspring,NA,A5,larval,B2_014,1
201604,RA5_155,Offspring,NA,A5,larval,B2_014,1
201604,RA5_178,Offspring,NA,A5,larval,B2_014,1
201604,RA5_180,Offspring,NA,A5,larval,B2_014,1
201604,RA5_184,Offspring,NA,A5,larval,B2_014,1
201604,RA5_202,Offspring,NA,A5,larval,B2_014,1
201604,RA5_204,Offspring,NA,A5,larval,B2_014,1
201604,RA5_206,Offspring,NA,A5,larval,B2_014,1
201604,RA5_208,Offspring,NA,A5,larval,B2_014,1
201604,RA5_228,Offspring,NA,A5,larval,B2_014,1
201604,RA5_235,Offspring,NA,A5,larval,B2_014,1
201604,RA5_236,Offspring,NA,A5,larval,B2_014,1
201604,RA5_240,Offspring,NA,A5,larval,B2_014,1
201604,RA5_243,Offspring,NA,A5,larval,B2_014,1
201604,RA5_249,Offspring,NA,A5,larval,B2_014,1
201604,RA5_253,Offspring,NA,A5,larval,B2_014,1
201604,RA5_261,Offspring,NA,A5,larval,B2_014,1
201604,RA5_267,Offspring,NA,A5,larval,B2_014,1
201604,RA5_270,Offspring,NA,A5,larval,B2_014,1
201604,RA5_291,Offspring,NA,A5,larval,B2_014,1
201604,RA5_292,Offspring,NA,A5,larval,B2_014,1
201604,RA5_301,Offspring,NA,A5,larval,B2_014,1
201604,RA5_302,Offspring,NA,A5,larval,B2_014,1
201604,RA5_304,Offspring,NA,A5,larval,B2_014,1
201604,RA5_305,Offspring,NA,A5,larval,B2_014,1
201604,RA5_310,Offspring,NA,A5,larval,B2_014,1
201604,RA5_311,Offspring,NA,A5,larval,B2_014,1
201604,RA5_315,Offspring,NA,A5,larval,B2_014,1
201604,RA5_323,Offspring,NA,A5,larval,B2_014,1
201604,RA5_326,Offspring,NA,A5,larval,B2_014,1
201604,RA5_327,Offspring,NA,A5,larval,B2_014,1
201604,RA5_331,Offspring,NA,A5,larval,B2_014,1
201604,RA5_342,Offspring,NA,A5,larval,B2_014,1
201604,RA5_343,Offspring,NA,A5,larval,B2_014,1
201604,RA5_350,Offspring,NA,A5,larval,B2_014,1
201604,RA5_355,Offspring,NA,A5,larval,B2_014,1
201604,RA5_363,Offspring,NA,A5,larval,B2_014,1
201604,RA5_378,Offspring,NA,A5,larval,B2_014,1
201604,RA5_384,Offspring,NA,A5,larval,B2_014,1
201604,RA5_394,Offspring,NA,A5,larval,B2_014,1
201604,RA5_401,Offspring,NA,A5,larval,B2_014,1
201604,RA5_417,Offspring,NA,A5,larval,B2_014,1
201604,RA5_419,Offspring,NA,A5,larval,B2_014,1
201604,RA5_433,Offspring,NA,A5,larval,B2_014,1
201604,RA5_438,Offspring,NA,A5,larval,B2_014,1
201604,RA5_443,Offspring,NA,A5,larval,B2_014,1
201604,RA5_456,Offspring,NA,A5,larval,B2_014,1
201604,RA5_466,Offspring,NA,A5,larval,B2_014,1
201604,RA5_468,Offspring,NA,A5,larval,B2_014,1
201604,RA5_003,Offspring,NA,A5,larval,B2_010,4
201604,RA5_024,Offspring,NA,A5,larval,B2_010,4
201604,RA5_025,Offspring,NA,A5,larval,B2_010,4
201604,RA5_055,Offspring,NA,A5,larval,B2_010,4
201604,RA5_062,Offspring,NA,A5,larval,B2_010,4
201604,RA5_089,Offspring,NA,A5,larval,B2_010,4
201604,RA5_094,Offspring,NA,A5,larval,B2_010,4
201604,RA5_114,Offspring,NA,A5,larval,B2_010,4
201604,RA5_122,Offspring,NA,A5,larval,B2_010,4
201604,RA5_128,Offspring,NA,A5,larval,B2_010,4
201604,RA5_135,Offspring,NA,A5,larval,B2_010,4
201604,RA5_139,Offspring,NA,A5,larval,B2_010,4
201604,RA5_151,Offspring,NA,A5,larval,B2_010,4
201604,RA5_152,Offspring,NA,A5,larval,B2_010,4
201604,RA5_153,Offspring,NA,A5,larval,B2_010,4
201604,RA5_163,Offspring,NA,A5,larval,B2_010,4
201604,RA5_166,Offspring,NA,A5,larval,B2_010,4
201604,RA5_168,Offspring,NA,A5,larval,B2_010,4
201604,RA5_185,Offspring,NA,A5,larval,B2_010,4
201604,RA5_217,Offspring,NA,A5,larval,B2_010,4
201604,RA5_231,Offspring,NA,A5,larval,B2_010,4
201604,RA5_239,Offspring,NA,A5,larval,B2_010,4
201604,RA5_248,Offspring,NA,A5,larval,B2_010,4
201604,RA5_271,Offspring,NA,A5,larval,B2_010,4
201604,RA5_274,Offspring,NA,A5,larval,B2_010,4
201604,RA5_280,Offspring,NA,A5,larval,B2_010,4
201604,RA5_296,Offspring,NA,A5,larval,B2_010,4
201604,RA5_309,Offspring,NA,A5,larval,B2_010,4
201604,RA5_347,Offspring,NA,A5,larval,B2_010,4
201604,RA5_351,Offspring,NA,A5,larval,B2_010,4
201604,RA5_358,Offspring,NA,A5,larval,B2_010,4
201604,RA5_371,Offspring,NA,A5,larval,B2_010,4
201604,RA5_440,Offspring,NA,A5,larval,B2_010,4
201604,RA5_454,Offspring,NA,A5,larval,B2_010,4
201604,RA5_048,Offspring,NA,A5,larval,B2_007,5
201604,RA5_082,Offspring,NA,A5,larval,B2_007,5
201604,RA5_101,Offspring,NA,A5,larval,B2_007,5
201604,RA5_103,Offspring,NA,A5,larval,B2_007,5
201604,RA5_111,Offspring,NA,A5,larval,B2_007,5
201604,RA5_123,Offspring,NA,A5,larval,B2_007,5
201604,RA5_129,Offspring,NA,A5,larval,B2_007,5
201604,RA5_138,Offspring,NA,A5,larval,B2_007,5
201604,RA5_148,Offspring,NA,A5,larval,B2_007,5
201604,RA5_171,Offspring,NA,A5,larval,B2_007,5
201604,RA5_176,Offspring,NA,A5,larval,B2_007,5
201604,RA5_179,Offspring,NA,A5,larval,B2_007,5
201604,RA5_183,Offspring,NA,A5,larval,B2_007,5
201604,RA5_187,Offspring,NA,A5,larval,B2_007,5
201604,RA5_188,Offspring,NA,A5,larval,B2_007,5
201604,RA5_209,Offspring,NA,A5,larval,B2_007,5
201604,RA5_210,Offspring,NA,A5,larval,B2_007,5
201604,RA5_212,Offspring,NA,A5,larval,B2_007,5
201604,RA5_223,Offspring,NA,A5,larval,B2_007,5
201604,RA5_227,Offspring,NA,A5,larval,B2_007,5
201604,RA5_241,Offspring,NA,A5,larval,B2_007,5
201604,RA5_242,Offspring,NA,A5,larval,B2_007,5
201604,RA5_245,Offspring,NA,A5,larval,B2_007,5
201604,RA5_346,Offspring,NA,A5,larval,B2_007,5
201604,RA5_349,Offspring,NA,A5,larval,B2_007,5
201604,RA5_376,Offspring,NA,A5,larval,B2_007,5
201604,RA5_403,Offspring,NA,A5,larval,B2_007,5
201604,RA5_421,Offspring,NA,A5,larval,B2_007,5
201604,RA5_436,Offspring,NA,A5,larval,B2_007,5
201604,RA5_007,Offspring,NA,A5,larval,B2_017,8
201604,RA5_015,Offspring,NA,A5,larval,B2_017,8
201604,RA5_037,Offspring,NA,A5,larval,B2_017,8
201604,RA5_060,Offspring,NA,A5,larval,B2_017,8
201604,RA5_064,Offspring,NA,A5,larval,B2_017,8
201604,RA5_075,Offspring,NA,A5,larval,B2_017,8
201604,RA5_085,Offspring,NA,A5,larval,B2_017,8
201604,RA5_105,Offspring,NA,A5,larval,B2_017,8
201604,RA5_117,Offspring,NA,A5,larval,B2_017,8
201604,RA5_186,Offspring,NA,A5,larval,B2_017,8
201604,RA5_193,Offspring,NA,A5,larval,B2_017,8
201604,RA5_195,Offspring,NA,A5,larval,B2_017,8
201604,RA5_198,Offspring,NA,A5,larval,B2_017,8
201604,RA5_222,Offspring,NA,A5,larval,B2_017,8
201604,RA5_229,Offspring,NA,A5,larval,B2_017,8
201604,RA5_244,Offspring,NA,A5,larval,B2_017,8
201604,RA5_247,Offspring,NA,A5,larval,B2_017,8
201604,RA5_264,Offspring,NA,A5,larval,B2_017,8
201604,RA5_282,Offspring,NA,A5,larval,B2_017,8
201604,RA5_286,Offspring,NA,A5,larval,B2_017,8
201604,RA5_300,Offspring,NA,A5,larval,B2_017,8
201604,RA5_318,Offspring,NA,A5,larval,B2_017,8
201604,RA5_332,Offspring,NA,A5,larval,B2_017,8
201604,RA5_366,Offspring,NA,A5,larval,B2_017,8
201604,RA5_367,Offspring,NA,A5,larval,B2_017,8
201604,RA5_019,Offspring,NA,A5,larval,B2_013,10
201604,RA5_051,Offspring,NA,A5,larval,B2_013,10
201604,RA5_054,Offspring,NA,A5,larval,B2_013,10
201604,RA5_058,Offspring,NA,A5,larval,B2_013,10
201604,RA5_066,Offspring,NA,A5,larval,B2_013,10
201604,RA5_077,Offspring,NA,A5,larval,B2_013,10
201604,RA5_083,Offspring,NA,A5,larval,B2_013,10
201604,RA5_090,Offspring,NA,A5,larval,B2_013,10
201604,RA5_091,Offspring,NA,A5,larval,B2_013,10
201604,RA5_106,Offspring,NA,A5,larval,B2_013,10
201604,RA5_115,Offspring,NA,A5,larval,B2_013,10
201604,RA5_120,Offspring,NA,A5,larval,B2_013,10
201604,RA5_142,Offspring,NA,A5,larval,B2_013,10
201604,RA5_175,Offspring,NA,A5,larval,B2_013,10
201604,RA5_191,Offspring,NA,A5,larval,B2_013,10
201604,RA5_230,Offspring,NA,A5,larval,B2_013,10
201604,RA5_238,Offspring,NA,A5,larval,B2_013,10
201604,RA5_254,Offspring,NA,A5,larval,B2_013,10
201604,RC8_014,Offspring,NA,C8,larval,B1_033,2
201604,RC8_044,Offspring,NA,C8,larval,B1_033,2
201604,RC8_045,Offspring,NA,C8,larval,B1_033,2
201604,RC8_063,Offspring,NA,C8,larval,B1_033,2
201604,RC8_073,Offspring,NA,C8,larval,B1_033,2
201604,RC8_074,Offspring,NA,C8,larval,B1_033,2
201604,RC8_077,Offspring,NA,C8,larval,B1_033,2
201604,RC8_080,Offspring,NA,C8,larval,B1_033,2
201604,RC8_084,Offspring,NA,C8,larval,B1_033,2
201604,RC8_093,Offspring,NA,C8,larval,B1_033,2
201604,RC8_108,Offspring,NA,C8,larval,B1_033,2
201604,RC8_110,Offspring,NA,C8,larval,B1_033,2
201604,RC8_149,Offspring,NA,C8,larval,B1_033,2
201604,RC8_154,Offspring,NA,C8,larval,B1_033,2
201604,RC8_193,Offspring,NA,C8,larval,B1_033,2
201604,RC8_210,Offspring,NA,C8,larval,B1_033,2
201604,RC8_211,Offspring,NA,C8,larval,B1_033,2
201604,RC8_239,Offspring,NA,C8,larval,B1_033,2
201604,RC8_245,Offspring,NA,C8,larval,B1_033,2
201604,RC8_277,Offspring,NA,C8,larval,B1_033,2
201604,RC8_284,Offspring,NA,C8,larval,B1_033,2
201604,RC8_298,Offspring,NA,C8,larval,B1_033,2
201604,RC8_309,Offspring,NA,C8,larval,B1_033,2
201604,RC8_322,Offspring,NA,C8,larval,B1_033,2
201604,RC8_336,Offspring,NA,C8,larval,B1_033,2
201604,RC8_352,Offspring,NA,C8,larval,B1_033,2
201604,RC8_360,Offspring,NA,C8,larval,B1_033,2
201604,RC8_381,Offspring,NA,C8,larval,B1_033,2
201604,RC8_397,Offspring,NA,C8,larval,B1_033,2
201604,RC8_453,Offspring,NA,C8,larval,B1_033,2
201604,RC8_464,Offspring,NA,C8,larval,B1_033,2
201604,RC8_470,Offspring,NA,C8,larval,B1_033,2
201604,RC8_497,Offspring,NA,C8,larval,B1_033,2
201604,RC8_500,Offspring,NA,C8,larval,B1_033,2
201604,RC8_503,Offspring,NA,C8,larval,B1_033,2
201604,RC8_520,Offspring,NA,C8,larval,B1_033,2
201604,RC8_523,Offspring,NA,C8,larval,B1_033,2
201604,RC8_528,Offspring,NA,C8,larval,B1_033,2
201604,RC8_535,Offspring,NA,C8,larval,B1_033,2
201604,RC8_544,Offspring,NA,C8,larval,B1_033,2
201604,RC8_548,Offspring,NA,C8,larval,B1_033,2
201604,RC8_557,Offspring,NA,C8,larval,B1_033,2
201604,RC8_562,Offspring,NA,C8,larval,B1_033,2
201604,RC9_011,Offspring,NA,C9,larval,B1_033,2
201604,RC9_013,Offspring,NA,C9,larval,B1_033,2
201604,RC9_017,Offspring,NA,C9,larval,B1_033,2
201604,RC9_030,Offspring,NA,C9,larval,B1_033,2
201604,RC9_031,Offspring,NA,C9,larval,B1_033,2
201604,RC9_034,Offspring,NA,C9,larval,B1_033,2
201604,RC9_045,Offspring,NA,C9,larval,B1_033,2
201604,RC9_058,Offspring,NA,C9,larval,B1_033,2
201604,RC9_076,Offspring,NA,C9,larval,B1_033,2
201604,RC9_083,Offspring,NA,C9,larval,B1_033,2
201604,RC9_101,Offspring,NA,C9,larval,B1_033,2
201604,RC9_104,Offspring,NA,C9,larval,B1_033,2
201604,RC9_118,Offspring,NA,C9,larval,B1_033,2
201604,RC9_124,Offspring,NA,C9,larval,B1_033,2
201604,RC9_130,Offspring,NA,C9,larval,B1_033,2
201604,RC9_184,Offspring,NA,C9,larval,B1_033,2
201604,RC9_185,Offspring,NA,C9,larval,B1_033,2
201604,RC9_191,Offspring,NA,C9,larval,B1_033,2
201604,RC9_204,Offspring,NA,C9,larval,B1_033,2
201604,RC9_206,Offspring,NA,C9,larval,B1_033,2
201604,RC9_223,Offspring,NA,C9,larval,B1_033,2
201604,RC9_244,Offspring,NA,C9,larval,B1_033,2
201604,RC9_255,Offspring,NA,C9,larval,B1_033,2
201604,RC9_259,Offspring,NA,C9,larval,B1_033,2
201604,RC9_263,Offspring,NA,C9,larval,B1_033,2
201604,RC9_266,Offspring,NA,C9,larval,B1_033,2
201604,RC9_268,Offspring,NA,C9,larval,B1_033,2
201604,RC9_271,Offspring,NA,C9,larval,B1_033,2
201604,RC9_283,Offspring,NA,C9,larval,B1_033,2
201604,RC9_287,Offspring,NA,C9,larval,B1_033,2
201604,RC9_293,Offspring,NA,C9,larval,B1_033,2
201604,RC9_305,Offspring,NA,C9,larval,B1_033,2
201604,RC9_309,Offspring,NA,C9,larval,B1_033,2
201604,RC9_326,Offspring,NA,C9,larval,B1_033,2
201604,RC9_328,Offspring,NA,C9,larval,B1_033,2
201604,RC9_342,Offspring,NA,C9,larval,B1_033,2
201604,RC9_344,Offspring,NA,C9,larval,B1_033,2
201604,RC9_352,Offspring,NA,C9,larval,B1_033,2
201604,RC9_356,Offspring,NA,C9,larval,B1_033,2
201604,RC9_361,Offspring,NA,C9,larval,B1_033,2
201604,RC9_367,Offspring,NA,C9,larval,B1_033,2
201604,RC9_373,Offspring,NA,C9,larval,B1_033,2
201604,RC9_374,Offspring,NA,C9,larval,B1_033,2
201604,RC9_380,Offspring,NA,C9,larval,B1_033,2
201604,RC9_386,Offspring,NA,C9,larval,B1_033,2
201604,RC9_392,Offspring,NA,C9,larval,B1_033,2
201604,RC9_395,Offspring,NA,C9,larval,B1_033,2
201604,RC9_404,Offspring,NA,C9,larval,B1_033,2
201604,RC9_407,Offspring,NA,C9,larval,B1_033,2
201604,RC9_423,Offspring,NA,C9,larval,B1_033,2
201604,RC9_430,Offspring,NA,C9,larval,B1_033,2
201604,RC9_440,Offspring,NA,C9,larval,B1_033,2
201604,RC9_450,Offspring,NA,C9,larval,B1_033,2
201604,RC9_454,Offspring,NA,C9,larval,B1_033,2
201604,RC9_458,Offspring,NA,C9,larval,B1_033,2
201604,RC9_464,Offspring,NA,C9,larval,B1_033,2
201602,RD1_001,Offspring,NA,D1,larval,B3_012,3
201602,RD1_003,Offspring,NA,D1,larval,B3_012,3
201602,RD1_009,Offspring,NA,D1,larval,B3_012,3
201602,RD1_012,Offspring,NA,D1,larval,B3_012,3
201602,RD1_014,Offspring,NA,D1,larval,B3_012,3
201602,RD1_015,Offspring,NA,D1,larval,B3_012,3
201602,RD1_017,Offspring,NA,D1,larval,B3_012,3
201602,RD1_025,Offspring,NA,D1,larval,B3_012,3
201602,RD1_027,Offspring,NA,D1,larval,B3_012,3
201602,RD1_028,Offspring,NA,D1,larval,B3_012,3
201602,RD1_035,Offspring,NA,D1,larval,B3_012,3
201602,RD1_042,Offspring,NA,D1,larval,B3_012,3
201602,RD1_045,Offspring,NA,D1,larval,B3_012,3
201602,RD1_053,Offspring,NA,D1,larval,B3_012,3
201602,RD1_054,Offspring,NA,D1,larval,B3_012,3
201602,RD1_057,Offspring,NA,D1,larval,B3_012,3
201602,RD1_060,Offspring,NA,D1,larval,B3_012,3
201602,RD1_071,Offspring,NA,D1,larval,B3_012,3
201602,RD1_072,Offspring,NA,D1,larval,B3_012,3
201602,RD1_073,Offspring,NA,D1,larval,B3_012,3
201602,RD1_093,Offspring,NA,D1,larval,B3_012,3
201602,RD1_094,Offspring,NA,D1,larval,B3_012,3
201602,RD1_156,Offspring,NA,D1,larval,B3_012,3
201602,RD1_160,Offspring,NA,D1,larval,B3_012,3
201602,RD1_166,Offspring,NA,D1,larval,B3_012,3
201602,RD1_168,Offspring,NA,D1,larval,B3_012,3
201602,RD1_169,Offspring,NA,D1,larval,B3_012,3
201602,RD1_177,Offspring,NA,D1,larval,B3_012,3
201602,RD1_192,Offspring,NA,D1,larval,B3_012,3
201602,RD1_197,Offspring,NA,D1,larval,B3_012,3
201602,RD1_201,Offspring,NA,D1,larval,B3_012,3
201602,RD1_202,Offspring,NA,D1,larval,B3_012,3
201602,RD1_204,Offspring,NA,D1,larval,B3_012,3
201602,RD1_205,Offspring,NA,D1,larval,B3_012,3
201602,RD1_215,Offspring,NA,D1,larval,B3_012,3
201602,RD1_216,Offspring,NA,D1,larval,B3_012,3
201602,RD1_219,Offspring,NA,D1,larval,B3_012,3
201602,RD1_221,Offspring,NA,D1,larval,B3_012,3
201602,RD1_228,Offspring,NA,D1,larval,B3_012,3
201602,RD1_232,Offspring,NA,D1,larval,B3_012,3
201602,RD1_235,Offspring,NA,D1,larval,B3_012,3
201602,RD1_002,Offspring,NA,D1,larval,B3_013,9
201602,RD1_005,Offspring,NA,D1,larval,B3_013,9
201602,RD1_008,Offspring,NA,D1,larval,B3_013,9
201602,RD1_011,Offspring,NA,D1,larval,B3_013,9
201602,RD1_018,Offspring,NA,D1,larval,B3_013,9
201602,RD1_020,Offspring,NA,D1,larval,B3_013,9
201602,RD1_021,Offspring,NA,D1,larval,B3_013,9
201602,RD1_024,Offspring,NA,D1,larval,B3_013,9
201602,RD1_026,Offspring,NA,D1,larval,B3_013,9
201602,RD1_030,Offspring,NA,D1,larval,B3_013,9
201602,RD1_031,Offspring,NA,D1,larval,B3_013,9
201602,RD1_033,Offspring,NA,D1,larval,B3_013,9
201602,RD1_034,Offspring,NA,D1,larval,B3_013,9
201602,RD1_049,Offspring,NA,D1,larval,B3_013,9
201602,RD1_064,Offspring,NA,D1,larval,B3_013,9
201602,RD1_065,Offspring,NA,D1,larval,B3_013,9
201602,RD1_074,Offspring,NA,D1,larval,B3_013,9
201602,RD1_076,Offspring,NA,D1,larval,B3_013,9
201602,RD1_088,Offspring,NA,D1,larval,B3_013,9
201602,RD1_092,Offspring,NA,D1,larval,B3_013,9
201602,RD1_152,Offspring,NA,D1,larval,B3_013,9
201602,RD1_154,Offspring,NA,D1,larval,B3_013,9
201602,RD1_155,Offspring,NA,D1,larval,B3_013,9
201602,RD1_157,Offspring,NA,D1,larval,B3_013,9
201602,RD1_165,Offspring,NA,D1,larval,B3_013,9
201602,RD1_170,Offspring,NA,D1,larval,B3_013,9
201602,RD1_176,Offspring,NA,D1,larval,B3_013,9
201602,RD1_181,Offspring,NA,D1,larval,B3_013,9
201602,RD1_187,Offspring,NA,D1,larval,B3_013,9
201602,RD1_191,Offspring,NA,D1,larval,B3_013,9
201602,RD1_193,Offspring,NA,D1,larval,B3_013,9
201602,RD1_196,Offspring,NA,D1,larval,B3_013,9
201602,RD1_200,Offspring,NA,D1,larval,B3_013,9
201602,RD1_218,Offspring,NA,D1,larval,B3_013,9
201602,RD1_220,Offspring,NA,D1,larval,B3_013,9
201602,RD1_223,Offspring,NA,D1,larval,B3_013,9
201602,RD1_097,Offspring,NA,D2,larval,B3_012,3
201602,RD1_099,Offspring,NA,D2,larval,B3_012,3
201602,RD1_113,Offspring,NA,D2,larval,B3_012,3
201602,RD1_117,Offspring,NA,D2,larval,B3_012,3
201602,RD1_121,Offspring,NA,D2,larval,B3_012,3
201602,RD1_124,Offspring,NA,D2,larval,B3_012,3
201602,RD1_127,Offspring,NA,D2,larval,B3_012,3
201602,RD1_129,Offspring,NA,D2,larval,B3_012,3
201602,RD1_138,Offspring,NA,D2,larval,B3_012,3
201602,RD1_139,Offspring,NA,D2,larval,B3_012,3
201602,RD1_140,Offspring,NA,D2,larval,B3_012,3
201602,RD1_141,Offspring,NA,D2,larval,B3_012,3
201602,RD2_003,Offspring,NA,D2,larval,B3_011,6
201602,RD2_006,Offspring,NA,D2,larval,B3_011,6
201602,RD2_017,Offspring,NA,D2,larval,B3_011,6
201602,RD2_018,Offspring,NA,D2,larval,B3_011,6
201602,RD2_025,Offspring,NA,D2,larval,B3_011,6
201602,RD2_037,Offspring,NA,D2,larval,B3_011,6
201602,RD2_038,Offspring,NA,D2,larval,B3_011,6
201602,RD2_039,Offspring,NA,D2,larval,B3_011,6
201602,RD2_042,Offspring,NA,D2,larval,B3_011,6
201602,RD2_048,Offspring,NA,D2,larval,B3_011,6
201602,RD2_049,Offspring,NA,D2,larval,B3_011,6
201602,RD2_056,Offspring,NA,D2,larval,B3_011,6
201602,RD2_058,Offspring,NA,D2,larval,B3_011,6
201602,RD2_060,Offspring,NA,D2,larval,B3_011,6
201602,RD2_062,Offspring,NA,D2,larval,B3_011,6
201602,RD2_065,Offspring,NA,D2,larval,B3_011,6
201602,RD2_068,Offspring,NA,D2,larval,B3_011,6
201602,RD2_069,Offspring,NA,D2,larval,B3_011,6
201602,RD2_070,Offspring,NA,D2,larval,B3_011,6
201602,RD2_076,Offspring,NA,D2,larval,B3_011,6
201602,RD2_077,Offspring,NA,D2,larval,B3_011,6
201602,RD2_078,Offspring,NA,D2,larval,B3_011,6
201602,RD2_084,Offspring,NA,D2,larval,B3_011,6
201602,RD2_093,Offspring,NA,D2,larval,B3_011,6
201602,RD2_098,Offspring,NA,D2,larval,B3_011,6
201602,RD2_099,Offspring,NA,D2,larval,B3_011,6
201602,RD2_102,Offspring,NA,D2,larval,B3_011,6
201602,RD2_103,Offspring,NA,D2,larval,B3_011,6
201602,RD2_111,Offspring,NA,D2,larval,B3_011,6
201602,RD2_115,Offspring,NA,D2,larval,B3_011,6
201602,RD2_116,Offspring,NA,D2,larval,B3_011,6
201602,RD2_120,Offspring,NA,D2,larval,B3_011,6
201602,RD2_121,Offspring,NA,D2,larval,B3_011,6
201602,RD2_124,Offspring,NA,D2,larval,B3_011,6
201602,RD2_125,Offspring,NA,D2,larval,B3_011,6
201602,RD2_128,Offspring,NA,D2,larval,B3_011,6
201602,RD2_131,Offspring,NA,D2,larval,B3_011,6
201602,RD2_141,Offspring,NA,D2,larval,B3_011,6
201602,RD2_150,Offspring,NA,D2,larval,B3_011,6
201602,RD2_155,Offspring,NA,D2,larval,B3_011,6
201602,RD2_178,Offspring,NA,D2,larval,B3_011,6
201602,RD2_184,Offspring,NA,D2,larval,B3_011,6
201602,RD2_188,Offspring,NA,D2,larval,B3_011,6
201602,RD2_196,Offspring,NA,D2,larval,B3_011,6
201602,RD2_199,Offspring,NA,D2,larval,B3_011,6
201602,RD2_201,Offspring,NA,D2,larval,B3_011,6
201602,RD2_202,Offspring,NA,D2,larval,B3_011,6
201602,RD2_213,Offspring,NA,D2,larval,B3_011,6
201602,RD2_214,Offspring,NA,D2,larval,B3_011,6
201602,RD2_218,Offspring,NA,D2,larval,B3_011,6
201602,RD2_224,Offspring,NA,D2,larval,B3_011,6
201602,RD2_227,Offspring,NA,D2,larval,B3_011,6
201602,RD2_231,Offspring,NA,D2,larval,B3_011,6
201602,RD2_001,Offspring,NA,D2,larval,B3_020,7
201602,RD2_008,Offspring,NA,D2,larval,B3_020,7
201602,RD2_011,Offspring,NA,D2,larval,B3_020,7
201602,RD2_012,Offspring,NA,D2,larval,B3_020,7
201602,RD2_015,Offspring,NA,D2,larval,B3_020,7
201602,RD2_023,Offspring,NA,D2,larval,B3_020,7
201602,RD2_029,Offspring,NA,D2,larval,B3_020,7
201602,RD2_030,Offspring,NA,D2,larval,B3_020,7
201602,RD2_031,Offspring,NA,D2,larval,B3_020,7
201602,RD2_034,Offspring,NA,D2,larval,B3_020,7
201602,RD2_047,Offspring,NA,D2,larval,B3_020,7
201602,RD2_050,Offspring,NA,D2,larval,B3_020,7
201602,RD2_051,Offspring,NA,D2,larval,B3_020,7
201602,RD2_052,Offspring,NA,D2,larval,B3_020,7
201602,RD2_064,Offspring,NA,D2,larval,B3_020,7
201602,RD2_067,Offspring,NA,D2,larval,B3_020,7
201602,RD2_079,Offspring,NA,D2,larval,B3_020,7
201602,RD2_081,Offspring,NA,D2,larval,B3_020,7
201602,RD2_082,Offspring,NA,D2,larval,B3_020,7
201602,RD2_088,Offspring,NA,D2,larval,B3_020,7
201602,RD2_090,Offspring,NA,D2,larval,B3_020,7
201602,RD2_101,Offspring,NA,D2,larval,B3_020,7
201602,RD2_105,Offspring,NA,D2,larval,B3_020,7
201602,RD2_106,Offspring,NA,D2,larval,B3_020,7
201602,RD2_109,Offspring,NA,D2,larval,B3_020,7
201602,RD2_110,Offspring,NA,D2,larval,B3_020,7
201602,RD2_113,Offspring,NA,D2,larval,B3_020,7
201602,RD2_114,Offspring,NA,D2,larval,B3_020,7
201602,RD2_118,Offspring,NA,D2,larval,B3_020,7
201602,RD2_130,Offspring,NA,D2,larval,B3_020,7
201602,RD2_133,Offspring,NA,D2,larval,B3_020,7
201602,RD2_137,Offspring,NA,D2,larval,B3_020,7
201602,RD2_144,Offspring,NA,D2,larval,B3_020,7
201602,RD2_146,Offspring,NA,D2,larval,B3_020,7
201602,RD2_148,Offspring,NA,D2,larval,B3_020,7
201602,RD2_152,Offspring,NA,D2,larval,B3_020,7
201602,RD2_159,Offspring,NA,D2,larval,B3_020,7
201602,RD2_162,Offspring,NA,D2,larval,B3_020,7
201602,RD2_163,Offspring,NA,D2,larval,B3_020,7
201602,RD2_175,Offspring,NA,D2,larval,B3_020,7
201602,RD2_177,Offspring,NA,D2,larval,B3_020,7
201602,RD2_180,Offspring,NA,D2,larval,B3_020,7
201602,RD2_185,Offspring,NA,D2,larval,B3_020,7
201602,RD2_189,Offspring,NA,D2,larval,B3_020,7
201602,RD2_192,Offspring,NA,D2,larval,B3_020,7
201602,RD2_195,Offspring,NA,D2,larval,B3_020,7
201602,RD2_203,Offspring,NA,D2,larval,B3_020,7
201602,RD2_207,Offspring,NA,D2,larval,B3_020,7
201602,RD2_208,Offspring,NA,D2,larval,B3_020,7
201602,RD2_215,Offspring,NA,D2,larval,B3_020,7
201602,RD2_217,Offspring,NA,D2,larval,B3_020,7
201602,RD2_221,Offspring,NA,D2,larval,B3_020,7
201602,RD2_222,Offspring,NA,D2,larval,B3_020,7
201602,RD2_223,Offspring,NA,D2,larval,B3_020,7
201602,RD2_226,Offspring,NA,D2,larval,B3_020,7
201602,RD2_228,Offspring,NA,D2,larval,B3_020,7
201602,RD2_232,Offspring,NA,D2,larval,B3_020,7
201602,RD2_234,Offspring,NA,D2,larval,B3_020,7
201602,RD1_100,Offspring,NA,D2,larval,B3_013,9
201602,RD1_115,Offspring,NA,D2,larval,B3_013,9
201602,RD1_119,Offspring,NA,D2,larval,B3_013,9
201602,RD1_123,Offspring,NA,D2,larval,B3_013,9
201602,RD1_125,Offspring,NA,D2,larval,B3_013,9
201602,RD1_133,Offspring,NA,D2,larval,B3_013,9
201602,RD1_136,Offspring,NA,D2,larval,B3_013,9
201602,RD3_020,Offspring,NA,D3,larval,B3_012,3
201602,RD3_090,Offspring,NA,D3,larval,B3_012,3
201602,RD3_092,Offspring,NA,D3,larval,B3_012,3
201602,RD3_093,Offspring,NA,D3,larval,B3_012,3
201602,RD3_140,Offspring,NA,D3,larval,B3_012,3
201602,RD3_151,Offspring,NA,D3,larval,B3_012,3
201602,RD3_155,Offspring,NA,D3,larval,B3_012,3
201602,RD3_231,Offspring,NA,D3,larval,B3_012,3
201602,RD3_074,Offspring,NA,D3,larval,B3_013,9
201602,RD3_227,Offspring,NA,D3,larval,B3_013,9
201602,RD4_006,Offspring,NA,D4,larval,B3_012,3
201602,RD4_007,Offspring,NA,D4,larval,B3_012,3
201602,RD4_009,Offspring,NA,D4,larval,B3_012,3
201602,RD4_017,Offspring,NA,D4,larval,B3_012,3
201602,RD4_020,Offspring,NA,D4,larval,B3_012,3
201602,RD4_050,Offspring,NA,D4,larval,B3_012,3
201602,RD4_055,Offspring,NA,D4,larval,B3_012,3
201602,RD4_058,Offspring,NA,D4,larval,B3_012,3
201602,RD4_064,Offspring,NA,D4,larval,B3_012,3
201602,RD4_065,Offspring,NA,D4,larval,B3_012,3
201602,RD4_075,Offspring,NA,D4,larval,B3_012,3
201602,RD4_076,Offspring,NA,D4,larval,B3_012,3
201602,RD4_082,Offspring,NA,D4,larval,B3_012,3
201602,RD4_094,Offspring,NA,D4,larval,B3_012,3
201602,RD4_100,Offspring,NA,D4,larval,B3_012,3
201602,RD4_116,Offspring,NA,D4,larval,B3_012,3
201602,RD4_118,Offspring,NA,D4,larval,B3_012,3
201602,RD4_137,Offspring,NA,D4,larval,B3_012,3
201602,RD4_147,Offspring,NA,D4,larval,B3_012,3
201602,RD4_152,Offspring,NA,D4,larval,B3_012,3
201602,RD4_155,Offspring,NA,D4,larval,B3_012,3
201602,RD4_161,Offspring,NA,D4,larval,B3_012,3
201602,RD4_167,Offspring,NA,D4,larval,B3_012,3
201602,RD4_177,Offspring,NA,D4,larval,B3_012,3
201602,RD4_180,Offspring,NA,D4,larval,B3_012,3
201602,RD4_183,Offspring,NA,D4,larval,B3_012,3
201602,RD4_186,Offspring,NA,D4,larval,B3_012,3
201602,RD4_191,Offspring,NA,D4,larval,B3_012,3
201602,RD4_195,Offspring,NA,D4,larval,B3_012,3
201602,RD4_220,Offspring,NA,D4,larval,B3_012,3
201602,RD4_021,Offspring,NA,D4,larval,B3_013,9
201602,RD4_036,Offspring,NA,D4,larval,B3_013,9
201602,RD4_037,Offspring,NA,D4,larval,B3_013,9
201602,RD4_041,Offspring,NA,D4,larval,B3_013,9
201602,RD4_046,Offspring,NA,D4,larval,B3_013,9
201602,RD4_053,Offspring,NA,D4,larval,B3_013,9
201602,RD4_096,Offspring,NA,D4,larval,B3_013,9
201602,RD4_105,Offspring,NA,D4,larval,B3_013,9
201602,RD4_111,Offspring,NA,D4,larval,B3_013,9
201602,RD4_117,Offspring,NA,D4,larval,B3_013,9
201602,RD4_127,Offspring,NA,D4,larval,B3_013,9
201602,RD4_173,Offspring,NA,D4,larval,B3_013,9
201602,RD4_185,Offspring,NA,D4,larval,B3_013,9
201602,RD4_199,Offspring,NA,D4,larval,B3_013,9
201602,RD4_205,Offspring,NA,D4,larval,B3_013,9
201602,RD4_208,Offspring,NA,D4,larval,B3_013,9
201602,RD4_217,Offspring,NA,D4,larval,B3_013,9
201602,RD4_228,Offspring,NA,D4,larval,B3_013,9
201604,135_001_A1_G,Offspring,3.66,135,pond,B2_014,1
201604,135_001_A2_G,Offspring,3.47,135,pond,B2_014,1
201604,135_001_B10_G,Offspring,ND,135,pond,B2_014,1
201604,135_001_B11_G,Offspring,3.48,135,pond,B2_014,1
201604,135_001_B5_G,Offspring,ND,135,pond,B2_014,1
201604,135_001_C10_G,Offspring,2.84,135,pond,B2_014,1
201604,135_001_C4_G,Offspring,ND,135,pond,B2_014,1
201604,135_001_E4_G,Offspring,ND,135,pond,B2_014,1
201604,135_001_E6_G,Offspring,5.87,135,pond,B2_014,1
201604,135_001_E9_G,Offspring,ND,135,pond,B2_014,1
201604,135_001_F3_G,Offspring,2.75,135,pond,B2_014,1
201604,135_001_G7_G,Offspring,4.85,135,pond,B2_014,1
201604,135_001_G9_G,Offspring,ND,135,pond,B2_014,1
201604,135_001_A3_G,Offspring,4.61,135,pond,B2_010,4
201604,135_001_B7_G,Offspring,3.38,135,pond,B2_010,4
201604,135_001_C1_G,Offspring,5.23,135,pond,B2_010,4
201604,135_001_C9_G,Offspring,2.98,135,pond,B2_010,4
201604,135_001_D7_G,Offspring,ND,135,pond,B2_010,4
201604,135_001_D8_G,Offspring,6.38,135,pond,B2_010,4
201604,135_001_E5_G,Offspring,3.38,135,pond,B2_010,4
201604,135_001_E7_G,Offspring,3.82,135,pond,B2_010,4
201604,135_001_F1_G,Offspring,ND,135,pond,B2_010,4
201604,135_001_G4_G,Offspring,4.05,135,pond,B2_010,4
201604,135_001_G5_G,Offspring,ND,135,pond,B2_010,4
201604,135_001_H1_G,Offspring,4.6,135,pond,B2_010,4
201604,135_001_H9_G,Offspring,3.14,135,pond,B2_010,4
201604,135_001_A10_G,Offspring,ND,135,pond,B2_007,5
201604,135_001_A8_G,Offspring,2.78,135,pond,B2_007,5
201604,135_001_B4_G,Offspring,6.65,135,pond,B2_007,5
201604,135_001_D1_G,Offspring,4.72,135,pond,B2_007,5
201604,135_001_E10_G,Offspring,3.21,135,pond,B2_007,5
201604,135_001_E2_G,Offspring,5.06,135,pond,B2_007,5
201604,135_001_E3_G,Offspring,3.58,135,pond,B2_007,5
201604,135_001_F9_G,Offspring,2.74,135,pond,B2_007,5
201604,135_001_G1_G,Offspring,3.59,135,pond,B2_007,5
201604,135_001_H10_G,Offspring,3.49,135,pond,B2_007,5
201604,135_001_H11_G,Offspring,3.57,135,pond,B2_007,5
201604,135_001_A4_G,Offspring,4.33,135,pond,B2_017,8
201604,135_001_B3_G,Offspring,ND,135,pond,B2_017,8
201604,135_001_C6_G,Offspring,3.8,135,pond,B2_017,8
201604,135_001_F2_G,Offspring,7.21,135,pond,B2_017,8
201604,135_001_F7_G,Offspring,6.23,135,pond,B2_017,8
201604,135_001_G2_G,Offspring,5.12,135,pond,B2_017,8
201604,135_001_B6_G,Offspring,3.72,135,pond,B2_013,10
201604,135_001_D5_G,Offspring,ND,135,pond,B2_013,10
201604,135_001_D6_G,Offspring,ND,135,pond,B2_013,10
201604,135_001_E12_G,Offspring,5.6,135,pond,B2_013,10
201604,135_001_F12_G,Offspring,6.4,135,pond,B2_013,10
201604,135_001_G10_G,Offspring,3.99,135,pond,B2_013,10
201604,135_001_H2_G,Offspring,ND,135,pond,B2_013,10
201604,135_001_H5_G,Offspring,ND,135,pond,B2_013,10
201604,136_001_A2_G,Offspring,ND,136,pond,B2_014,1
201604,136_001_B11_G,Offspring,4.18,136,pond,B2_014,1
201604,136_001_C10_G,Offspring,3.1,136,pond,B2_014,1
201604,136_001_D10_G,Offspring,3.58,136,pond,B2_014,1
201604,136_001_E3_G,Offspring,ND,136,pond,B2_014,1
201604,136_001_E9_G,Offspring,4.19,136,pond,B2_014,1
201604,136_001_F11_G,Offspring,3.39,136,pond,B2_014,1
201604,136_001_G1_G,Offspring,ND,136,pond,B2_014,1
201604,136_001_G2_G,Offspring,3,136,pond,B2_014,1
201604,136_001_G4_G,Offspring,ND,136,pond,B2_014,1
201604,136_001_G7_G,Offspring,ND,136,pond,B2_014,1
201604,136_001_G9_G,Offspring,6.98,136,pond,B2_014,1
201604,136_001_H2_G,Offspring,ND,136,pond,B2_014,1
201604,136_001_A8_G,Offspring,3.93,136,pond,B2_010,4
201604,136_001_B1_G,Offspring,4.25,136,pond,B2_010,4
201604,136_001_B7_G,Offspring,5.74,136,pond,B2_010,4
201604,136_001_C7_G,Offspring,3.74,136,pond,B2_010,4
201604,136_001_D2_G,Offspring,ND,136,pond,B2_010,4
201604,136_001_F5_G,Offspring,5,136,pond,B2_010,4
201604,136_001_G10_G,Offspring,8.03,136,pond,B2_010,4
201604,136_001_H4_G,Offspring,3.65,136,pond,B2_010,4
201604,136_001_A1_G,Offspring,6.45,136,pond,B2_007,5
201604,136_001_A6_G,Offspring,5.95,136,pond,B2_007,5
201604,136_001_B2_G,Offspring,3.15,136,pond,B2_007,5
201604,136_001_B8_G,Offspring,6.96,136,pond,B2_007,5
201604,136_001_B9_G,Offspring,6.4,136,pond,B2_007,5
201604,136_001_E2_G,Offspring,ND,136,pond,B2_007,5
201604,136_001_F1_G,Offspring,ND,136,pond,B2_007,5
201604,136_001_F3_G,Offspring,3.25,136,pond,B2_007,5
201604,136_001_F7_G,Offspring,3.19,136,pond,B2_007,5
201604,136_001_G5_G,Offspring,3.39,136,pond,B2_007,5
201604,136_001_G6_G,Offspring,3.11,136,pond,B2_007,5
201604,136_001_H10_G,Offspring,ND,136,pond,B2_007,5
201604,136_001_A11_G,Offspring,6.98,136,pond,B2_017,8
201604,136_001_A4_G,Offspring,3.69,136,pond,B2_017,8
201604,136_001_C6_G,Offspring,4.7,136,pond,B2_017,8
201604,136_001_G3_G,Offspring,5.36,136,pond,B2_017,8
201604,136_001_H3_G,Offspring,ND,136,pond,B2_017,8
201604,136_001_A5_G,Offspring,ND,136,pond,B2_013,10
201604,136_001_B10_G,Offspring,ND,136,pond,B2_013,10
201604,136_001_B4_G,Offspring,3.65,136,pond,B2_013,10
201604,136_001_C11_G,Offspring,3.58,136,pond,B2_013,10
201604,136_001_D4_G,Offspring,3.19,136,pond,B2_013,10
201604,136_001_D5_G,Offspring,4,136,pond,B2_013,10
201604,136_001_D7_G,Offspring,4.16,136,pond,B2_013,10
201604,136_001_E1_G,Offspring,5.37,136,pond,B2_013,10
201604,136_001_H8_G,Offspring,3.48,136,pond,B2_013,10
201602,141_001_D9_G,Offspring,ND,141,pond,B3_012,3
201602,141_001_F3_G,Offspring,ND,141,pond,B3_012,3
201602,141_001_A2_G,Offspring,3.11,141,pond,B3_011,6
201602,141_001_A3_G,Offspring,ND,141,pond,B3_011,6
201602,141_001_C1_G,Offspring,ND,141,pond,B3_011,6
201602,141_001_C12_G,Offspring,3.15,141,pond,B3_011,6
201602,141_001_E6_G,Offspring,ND,141,pond,B3_011,6
201602,141_001_F11_G,Offspring,3.08,141,pond,B3_011,6
201602,141_001_G10_G,Offspring,ND,141,pond,B3_011,6
201602,141_001_C4_G,Offspring,ND,141,pond,B3_020,7
201602,141_001_C6_G,Offspring,ND,141,pond,B3_020,7
201602,141_001_D1_G,Offspring,ND,141,pond,B3_020,7
201602,141_001_D8_G,Offspring,ND,141,pond,B3_020,7
201602,141_001_E11_G,Offspring,3.1,141,pond,B3_020,7
201602,141_001_E2_G,Offspring,3.16,141,pond,B3_020,7
201602,141_001_E9_G,Offspring,ND,141,pond,B3_020,7
201602,141_001_G9_G,Offspring,ND,141,pond,B3_020,7
201602,141_001_H10_G,Offspring,ND,141,pond,B3_020,7
201602,141_001_H7_G,Offspring,2.99,141,pond,B3_020,7
201602,141_001_A10_G,Offspring,ND,141,pond,B3_013,9
201602,141_001_A8_G,Offspring,3.14,141,pond,B3_013,9
201602,141_001_B3_G,Offspring,ND,141,pond,B3_013,9
201602,141_001_C5_G,Offspring,ND,141,pond,B3_013,9
201602,141_001_D11_G,Offspring,3.09,141,pond,B3_013,9
201602,141_001_G11_G,Offspring,3.14,141,pond,B3_013,9
201602,142_001_A8_G,Offspring,NA,142,pond,B3_012,3
201602,142_001_D1_G,Offspring,NA,142,pond,B3_012,3
201602,142_001_D5_G,Offspring,NA,142,pond,B3_012,3
201602,142_001_B10_G,Offspring,NA,142,pond,B3_011,6
201602,142_001_B12_G,Offspring,NA,142,pond,B3_011,6
201602,142_001_C10_G,Offspring,NA,142,pond,B3_011,6
201602,142_001_D10_G,Offspring,NA,142,pond,B3_011,6
201602,142_001_D12_G,Offspring,NA,142,pond,B3_011,6
201602,142_001_D4_G,Offspring,NA,142,pond,B3_011,6
201602,142_001_D6_G,Offspring,NA,142,pond,B3_011,6
201602,142_001_E12_G,Offspring,NA,142,pond,B3_011,6
201602,142_001_E3_G,Offspring,NA,142,pond,B3_011,6
201602,142_001_E4_G,Offspring,NA,142,pond,B3_011,6
201602,142_001_E7_G,Offspring,NA,142,pond,B3_011,6
201602,142_001_F2_G,Offspring,NA,142,pond,B3_011,6
201602,142_001_F3_G,Offspring,NA,142,pond,B3_011,6
201602,142_001_F4_G,Offspring,NA,142,pond,B3_011,6
201602,142_001_G5_G,Offspring,NA,142,pond,B3_011,6
201602,142_001_H9_G,Offspring,NA,142,pond,B3_011,6
201602,142_001_A3_G,Offspring,NA,142,pond,B3_020,7
201602,142_001_D2_G,Offspring,NA,142,pond,B3_020,7
201602,142_001_E10_G,Offspring,NA,142,pond,B3_020,7
201602,142_001_F1_G,Offspring,NA,142,pond,B3_020,7
201602,142_001_F5_G,Offspring,NA,142,pond,B3_020,7
201602,142_001_G7_G,Offspring,NA,142,pond,B3_020,7
201602,142_011_H11_G,Offspring,NA,142,pond,B3_020,7
201602,142_001_A10_G,Offspring,NA,142,pond,B3_013,9
201602,142_001_C8_G,Offspring,NA,142,pond,B3_013,9
201602,142_001_E6_G,Offspring,NA,142,pond,B3_013,9
201602,142_001_G3_G,Offspring,NA,142,pond,B3_013,9
201604,243_01_A11G,Offspring,4.67,243,pond,B1_033,2
201604,243_01_A5G,Offspring,ND,243,pond,B1_033,2
201604,243_01_B11G,Offspring,4.39,243,pond,B1_033,2
201604,243_01_B4G,Offspring,3.81,243,pond,B1_033,2
201604,243_01_C7G,Offspring,3.41,243,pond,B1_033,2
201604,243_01_C8G,Offspring,ND,243,pond,B1_033,2
201604,243_01_E11G,Offspring,4.53,243,pond,B1_033,2
201604,243_01_F10G,Offspring,3.8,243,pond,B1_033,2
201604,243_01_F7G,Offspring,ND,243,pond,B1_033,2
201604,243_01_F9G,Offspring,3.53,243,pond,B1_033,2
201604,243_01_G6G,Offspring,4.05,243,pond,B1_033,2
201604,244_01_D12G,Offspring,ND,244,pond,B1_033,2
201604,244_01_E9G,Offspring,3.5,244,pond,B1_033,2
201604,244_01_G8G,Offspring,ND,244,pond,B1_033,2
