Cohort,PrawnID,GAV,Age,Class,FamID,IntFamID,GAVoffspringcount,,,IntFamID,GAVoffspringcount
201604,201604BR347,5.14,broodstock,father,B1_033,1,53,,,1,53
201604,201604BR456,0,broodstock,mother,B1_033,1,53,,,2,34
201604,RC8_497_PL,6.28,larval,Offspring,B1_033,1,53,,,3,32
201604,RC8_500_PL,6.74,larval,Offspring,B1_033,1,53,,,4,29
201604,RC8_557_PL,6.75,larval,Offspring,B1_033,1,53,,,5,14
201604,RC8_528_PL,6.91,larval,Offspring,B1_033,1,53,,,6,22
201604,RC8_503_PL,6.91,larval,Offspring,B1_033,1,53,,,7,14
201604,RC9_104_PL,7.01,larval,Offspring,B1_033,1,53,,,8,14
201604,RC9_271_PL,7.1,larval,Offspring,B1_033,1,53,,,9,14
201604,RC9_223_PL,7.14,larval,Offspring,B1_033,1,53,,,10,8
201604,RC9_191_PL,7.18,larval,Offspring,B1_033,1,53,,,11,12
201604,RC9_204_PL,7.18,larval,Offspring,B1_033,1,53,,,12,15
201604,RC9_266_PL,7.22,larval,Offspring,B1_033,1,53,,,13,8
201604,RC9_255_PL,7.3,larval,Offspring,B1_033,1,53,,,14,6
201604,RC9_263_PL,7.32,larval,Offspring,B1_033,1,53,,,15,6
201604,RC8_562_PL,7.32,larval,Offspring,B1_033,1,53,,,16,7
201604,RC9_244_PL,7.4,larval,Offspring,B1_033,1,53,,,17,13
201604,RC9_184_PL,7.44,larval,Offspring,B1_033,1,53,,,18,8
201604,RC9_268_PL,7.44,larval,Offspring,B1_033,1,53,,,19,6
201604,RC8_520_PL,7.51,larval,Offspring,B1_033,1,53,,,20,4
201604,RC8_548_PL,7.52,larval,Offspring,B1_033,1,53,,,21,8
201604,RC9_259_PL,7.57,larval,Offspring,B1_033,1,53,,,22,26
201604,RC8_149_PL,7.59,larval,Offspring,B1_033,1,53,,,23,61
201604,RC9_185_PL,7.63,larval,Offspring,B1_033,1,53,,,24,21
201604,RC9_130_PL,7.68,larval,Offspring,B1_033,1,53,,,25,11
201604,RC8_523_PL,7.76,larval,Offspring,B1_033,1,53,,,26,56
201604,RC8_110_PL,7.76,larval,Offspring,B1_033,1,53,,,27,23
201604,RC8_154_PL,7.76,larval,Offspring,B1_033,1,53,,,28,42
201604,RC8_108_PL,7.79,larval,Offspring,B1_033,1,53,,,29,4
201604,RC9_124_PL,7.81,larval,Offspring,B1_033,1,53,,,30,46
201604,RC9_118_PL,7.87,larval,Offspring,B1_033,1,53,,,31,17
201604,RC8_544_PL,7.91,larval,Offspring,B1_033,1,53,,,32,14
201604,RC9_206_PL,7.95,larval,Offspring,B1_033,1,53,,,33,29
201604,RC8_535_PL,8.19,larval,Offspring,B1_033,1,53,,,34,13
201604,RC9_101_PL,9.05,larval,Offspring,B1_033,1,53,,,35,25
201604,243_01_C7G,3.41,pond,Offspring,B1_033,1,53,,,36,12
201604,244_01_E9G,3.5,pond,Offspring,B1_033,1,53,,,37,19
201604,243_01_F9G,3.53,pond,Offspring,B1_033,1,53,,,38,5
201604,243_01_F10G,3.8,pond,Offspring,B1_033,1,53,,,39,1
201604,243_01_B4G,3.81,pond,Offspring,B1_033,1,53,,,40,3
201604,243_01_G6G,4.05,pond,Offspring,B1_033,1,53,,,41,18
201604,243_01_B11G,4.39,pond,Offspring,B1_033,1,53,,,42,19
201604,243_01_E11G,4.53,pond,Offspring,B1_033,1,53,,,43,2
201604,243_01_A11G,4.67,pond,Offspring,B1_033,1,53,,,44,3
201604,243_044P,NA,pond,Offspring,B1_033,1,53,,,45,17
201604,243_045P,NA,pond,Offspring,B1_033,1,53,,,46,1
201604,243_048P,NA,pond,Offspring,B1_033,1,53,,,47,17
201604,243_056P,NA,pond,Offspring,B1_033,1,53,,,48,15
201604,243_059P,NA,pond,Offspring,B1_033,1,53,,,49,11
201604,243_070P,NA,pond,Offspring,B1_033,1,53,,,50,8
201604,243_01_A5G,0,pond,Offspring,B1_033,1,53,,,51,4
201604,243_01_C8G,0,pond,Offspring,B1_033,1,53,,,52,3
201604,243_01_F7G,0,pond,Offspring,B1_033,1,53,,,53,5
201604,244_01_D12G,0,pond,Offspring,B1_033,1,53,,,54,10
201604,244_01_G8G,0,pond,Offspring,B1_033,1,53,,,55,7
201602,RC9_135_PL,6.77,larval,Offspring,B1_012,2,34,,,56,0
201602,RC9_150_PL,6.82,larval,Offspring,B1_012,2,34,,,57,0
201602,RC9_233_PL,7.65,larval,Offspring,B1_012,2,34,,,58,9
201602,RC8_104_PL,7.92,larval,Offspring,B1_012,2,34,,,59,3
201604,201604BR158,4.56,broodstock,father,B1_012,2,34,,,60,5
201604,201604BR060,0,broodstock,mother,B1_012,2,34,,,61,227
201604,RC8_527_PL,6.27,larval,Offspring,B1_012,2,34,,,62,53
201604,RC9_127_PL,6.41,larval,Offspring,B1_012,2,34,,,63,100
201604,RC9_254_PL,6.53,larval,Offspring,B1_012,2,34,,,64,46
201604,RC9_260_PL,6.59,larval,Offspring,B1_012,2,34,,,65,57
201604,RC9_203_PL,6.63,larval,Offspring,B1_012,2,34,,,66,49
201604,RC9_173_PL,6.7,larval,Offspring,B1_012,2,34,,,67,47
201604,RC8_119_PL,6.7,larval,Offspring,B1_012,2,34,,,68,39
201604,RC9_148_PL,6.72,larval,Offspring,B1_012,2,34,,,69,46
201604,RC9_212_PL,6.73,larval,Offspring,B1_012,2,34,,,70,33
201604,RC9_167_PL,6.88,larval,Offspring,B1_012,2,34,,,71,25
201604,RC8_142_PL,6.91,larval,Offspring,B1_012,2,34,,,72,39
201604,RC9_182_PL,6.92,larval,Offspring,B1_012,2,34,,,73,35
201604,RC9_188_PL,7,larval,Offspring,B1_012,2,34,,,74,18
201604,RC8_480_PL,7,larval,Offspring,B1_012,2,34,,,75,14
201604,RC9_174_PL,7.14,larval,Offspring,B1_012,2,34,,,76,6
201604,RC9_126_PL,7.15,larval,Offspring,B1_012,2,34,,,77,54
201604,RC9_186_PL,7.17,larval,Offspring,B1_012,2,34,,,78,29
201604,RC8_159_PL,7.25,larval,Offspring,B1_012,2,34,,,79,20
201604,RC8_507_PL,7.26,larval,Offspring,B1_012,2,34,,,80,11
201604,RC9_163_PL,7.27,larval,Offspring,B1_012,2,34,,,81,24
201604,RC9_159_PL,7.41,larval,Offspring,B1_012,2,34,,,82,19
201604,RC8_515_PL,7.41,larval,Offspring,B1_012,2,34,,,83,11
201604,RC9_117_PL,7.42,larval,Offspring,B1_012,2,34,,,84,9
201604,RC9_217_PL,7.59,larval,Offspring,B1_012,2,34,,,85,9
201604,RC9_122_PL,7.64,larval,Offspring,B1_012,2,34,,,86,8
201604,RC9_253_PL,7.66,larval,Offspring,B1_012,2,34,,,87,7
201604,RC9_177_PL,7.84,larval,Offspring,B1_012,2,34,,,88,4
201604,RC9_115_PL,7.9,larval,Offspring,B1_012,2,34,,,89,4
201604,243_037P,NA,pond,Offspring,B1_012,2,34,,,90,2
201604,243_058P,NA,pond,Offspring,B1_012,2,34,,,91,1
201602,243_089P,NA,pond,Offspring,B1_026,3,32,,,92,34
201604,201604BR289,5.5,broodstock,father,B1_026,3,32,,,93,28
201604,201604BR412,3.75,broodstock,mother,B1_026,3,32,,,94,28
201604,RC9_208_PL,5.04,larval,Offspring,B1_026,3,32,,,95,15
201604,RC8_182_PL,6.3,larval,Offspring,B1_026,3,32,,,96,13
201604,RC8_472_PL,6.85,larval,Offspring,B1_026,3,32,,,97,13
201604,RC8_495_PL,6.86,larval,Offspring,B1_026,3,32,,,98,10
201604,RC9_192_PL,7.04,larval,Offspring,B1_026,3,32,,,99,10
201604,RC9_200_PL,7.13,larval,Offspring,B1_026,3,32,,,100,10
201604,RC9_248_PL,7.33,larval,Offspring,B1_026,3,32,,,101,9
201604,RC8_137_PL,7.42,larval,Offspring,B1_026,3,32,,,102,8
201604,RC9_193_PL,7.48,larval,Offspring,B1_026,3,32,,,103,5
201604,RC8_136_PL,7.59,larval,Offspring,B1_026,3,32,,,104,4
201604,RC9_170_PL,7.67,larval,Offspring,B1_026,3,32,,,105,3
201604,RC9_228_PL,7.73,larval,Offspring,B1_026,3,32,,,106,3
201604,RC9_229_PL,7.92,larval,Offspring,B1_026,3,32,,,107,2
201604,RC8_126_PL,8.19,larval,Offspring,B1_026,3,32,,,108,2
201604,RC9_132_PL,8.2,larval,Offspring,B1_026,3,32,,,109,2
201604,RC9_231_PL,8.21,larval,Offspring,B1_026,3,32,,,110,1
201604,RC9_215_PL,8.42,larval,Offspring,B1_026,3,32,,,111,1
201604,244_01_D11G,4.05,pond,Offspring,B1_026,3,32,,,112,1
201604,243_01_E12G,4.06,pond,Offspring,B1_026,3,32,,,113,1
201604,243_01_C4G,4.23,pond,Offspring,B1_026,3,32,,,114,0
201604,243_01_G8G,4.31,pond,Offspring,B1_026,3,32,,,115,0
201604,243_01_B5G,4.91,pond,Offspring,B1_026,3,32,,,116,0
201604,243_01_G5G,5.8,pond,Offspring,B1_026,3,32,,,117,0
201604,243_01_A6G,6.02,pond,Offspring,B1_026,3,32,,,118,0
201604,243_007P,NA,pond,Offspring,B1_026,3,32,,,119,0
201604,243_041P,NA,pond,Offspring,B1_026,3,32,,,120,0
201604,243_051P,NA,pond,Offspring,B1_026,3,32,,,121,0
201604,243_057P,NA,pond,Offspring,B1_026,3,32,,,122,0
201604,243_063P,NA,pond,Offspring,B1_026,3,32,,,,
201604,243_069P,NA,pond,Offspring,B1_026,3,32,,,,
201604,243_086P,NA,pond,Offspring,B1_026,3,32,,,,
201602,244_01_H8G,5,pond,Offspring,B1_011,4,29,,,,
201604,201604BR192,3.18,broodstock,father,B1_011,4,29,,,,
201604,201604BR059,3.51,broodstock,mother,B1_011,4,29,,,,
201604,RC9_210_PL,6.63,larval,Offspring,B1_011,4,29,,,,
201604,RC8_551_PL,6.84,larval,Offspring,B1_011,4,29,,,,
201604,RC8_133_PL,7.26,larval,Offspring,B1_011,4,29,,,,
201604,RC9_221_PL,7.31,larval,Offspring,B1_011,4,29,,,,
201604,RC9_143_PL,7.36,larval,Offspring,B1_011,4,29,,,,
201604,RC8_109_PL,7.47,larval,Offspring,B1_011,4,29,,,,
201604,RC8_532_PL,7.48,larval,Offspring,B1_011,4,29,,,,
201604,RC8_164_PL,7.5,larval,Offspring,B1_011,4,29,,,,
201604,RC9_137_PL,7.56,larval,Offspring,B1_011,4,29,,,,
201604,RC9_216_PL,7.65,larval,Offspring,B1_011,4,29,,,,
201604,RC9_198_PL,7.71,larval,Offspring,B1_011,4,29,,,,
201604,RC8_493_PL,7.72,larval,Offspring,B1_011,4,29,,,,
201604,RC9_219_PL,7.79,larval,Offspring,B1_011,4,29,,,,
201604,RC8_174_PL,7.81,larval,Offspring,B1_011,4,29,,,,
201604,RC9_261_PL,7.91,larval,Offspring,B1_011,4,29,,,,
201604,RC9_141_PL,7.93,larval,Offspring,B1_011,4,29,,,,
201604,243_01_E8G,3.85,pond,Offspring,B1_011,4,29,,,,
201604,244_01_H11G,3.92,pond,Offspring,B1_011,4,29,,,,
201604,243_01_H3G,6.52,pond,Offspring,B1_011,4,29,,,,
201604,243_001P,NA,pond,Offspring,B1_011,4,29,,,,
201604,243_002P,NA,pond,Offspring,B1_011,4,29,,,,
201604,243_013P,NA,pond,Offspring,B1_011,4,29,,,,
201604,243_019P,NA,pond,Offspring,B1_011,4,29,,,,
201604,243_020P,NA,pond,Offspring,B1_011,4,29,,,,
201604,243_028P,NA,pond,Offspring,B1_011,4,29,,,,
201604,243_052P,NA,pond,Offspring,B1_011,4,29,,,,
201604,243_074P,NA,pond,Offspring,B1_011,4,29,,,,
201604,243_092P,NA,pond,Offspring,B1_011,4,29,,,,
201604,201604BR289,5.5,broodstock,father,B1_030,5,14,,,,
201604,201604BR431,0,broodstock,mother,B1_030,5,14,,,,
201604,RC9_145_PL,6.94,larval,Offspring,B1_030,5,14,,,,
201604,RC9_209_PL,6.97,larval,Offspring,B1_030,5,14,,,,
201604,RC9_234_PL,7.01,larval,Offspring,B1_030,5,14,,,,
201604,RC9_178_PL,7.08,larval,Offspring,B1_030,5,14,,,,
201604,RC9_147_PL,7.08,larval,Offspring,B1_030,5,14,,,,
201604,RC9_176_PL,7.19,larval,Offspring,B1_030,5,14,,,,
201604,RC9_279_PL,7.37,larval,Offspring,B1_030,5,14,,,,
201604,RC9_123_PL,7.63,larval,Offspring,B1_030,5,14,,,,
201604,RC9_161_PL,7.67,larval,Offspring,B1_030,5,14,,,,
201604,RC9_224_PL,7.67,larval,Offspring,B1_030,5,14,,,,
201604,RC9_235_PL,7.75,larval,Offspring,B1_030,5,14,,,,
201604,RC9_169_PL,9.44,larval,Offspring,B1_030,5,14,,,,
201604,243_068P,NA,pond,Offspring,B1_030,5,14,,,,
201604,243_071P,NA,pond,Offspring,B1_030,5,14,,,,
201602,201604BR020,3.51,broodstock,mother,B1_004,6,22,,,,
201602,RC8_531_PL,4.01,larval,Offspring,B1_004,6,22,,,,
201602,RC8_131_PL,4.2,larval,Offspring,B1_004,6,22,,,,
201602,RC8_534_PL,4.75,larval,Offspring,B1_004,6,22,,,,
201602,RC8_114_PL,5.26,larval,Offspring,B1_004,6,22,,,,
201602,RC8_521_PL,6.45,larval,Offspring,B1_004,6,22,,,,
201602,RC9_262_PL,6.61,larval,Offspring,B1_004,6,22,,,,
201602,RC8_477_PL,6.94,larval,Offspring,B1_004,6,22,,,,
201602,RC8_099_PL,7.15,larval,Offspring,B1_004,6,22,,,,
201602,RC9_232_PL,7.38,larval,Offspring,B1_004,6,22,,,,
201602,244_01_E7G,3.71,pond,Offspring,B1_004,6,22,,,,
201602,244_01_G7G,3.72,pond,Offspring,B1_004,6,22,,,,
201602,244_01_B9G,3.93,pond,Offspring,B1_004,6,22,,,,
201602,243_004P,NA,pond,Offspring,B1_004,6,22,,,,
201602,243_023P,NA,pond,Offspring,B1_004,6,22,,,,
201602,243_024P,NA,pond,Offspring,B1_004,6,22,,,,
201602,243_033P,NA,pond,Offspring,B1_004,6,22,,,,
201602,244_01_E10G,0,pond,Offspring,B1_004,6,22,,,,
201604,201604BR199,3.82,broodstock,father,B1_004,6,22,,,,
201604,RC9_144_PL,6.72,larval,Offspring,B1_004,6,22,,,,
201604,RC9_258_PL,7.43,larval,Offspring,B1_004,6,22,,,,
201604,243_077P,NA,pond,Offspring,B1_004,6,22,,,,
201604,243_01_D5G,0,pond,Offspring,B1_004,6,22,,,,
201604,243_01_D7G,0,pond,Offspring,B1_004,6,22,,,,
201602,RC8_524_PL,7.09,larval,Offspring,B1_021,7,14,,,,
201602,RC9_264_PL,7.22,larval,Offspring,B1_021,7,14,,,,
201602,RC9_256_PL,7.36,larval,Offspring,B1_021,7,14,,,,
201602,RC9_250_PL,7.41,larval,Offspring,B1_021,7,14,,,,
201604,201604BR239,0,broodstock,father,B1_021,7,14,,,,
201604,201604BR103,3.41,broodstock,mother,B1_021,7,14,,,,
201604,RC8_130_PL,6.88,larval,Offspring,B1_021,7,14,,,,
201604,RC9_199_PL,7.04,larval,Offspring,B1_021,7,14,,,,
201604,RC9_175_PL,7.25,larval,Offspring,B1_021,7,14,,,,
201604,RC8_526_PL,7.38,larval,Offspring,B1_021,7,14,,,,
201604,RC9_252_PL,7.39,larval,Offspring,B1_021,7,14,,,,
201604,RC9_120_PL,7.54,larval,Offspring,B1_021,7,14,,,,
201604,243_01_C6G,3.92,pond,Offspring,B1_021,7,14,,,,
201604,243_01_G11G,4.21,pond,Offspring,B1_021,7,14,,,,
201604,243_036P,NA,pond,Offspring,B1_021,7,14,,,,
201604,243_093P,NA,pond,Offspring,B1_021,7,14,,,,
201604,201604BR145,3.08,broodstock,father,B1_019,8,14,,,,
201604,201604BR084,3.05,broodstock,mother,B1_019,8,14,,,,
201604,RC8_106_PL,6.03,larval,Offspring,B1_019,8,14,,,,
201604,RC8_550_PL,6.42,larval,Offspring,B1_019,8,14,,,,
201604,RC8_489_PL,6.93,larval,Offspring,B1_019,8,14,,,,
201604,RC8_187_PL,7.13,larval,Offspring,B1_019,8,14,,,,
201604,RC8_556_PL,7.15,larval,Offspring,B1_019,8,14,,,,
201604,RC8_120_PL,7.19,larval,Offspring,B1_019,8,14,,,,
201604,RC8_476_PL,7.21,larval,Offspring,B1_019,8,14,,,,
201604,RC8_501_PL,7.24,larval,Offspring,B1_019,8,14,,,,
201604,RC8_145_PL,7.43,larval,Offspring,B1_019,8,14,,,,
201604,RC8_177_PL,7.59,larval,Offspring,B1_019,8,14,,,,
201604,243_01_C9G,3.77,pond,Offspring,B1_019,8,14,,,,
201604,243_01_H5G,4.21,pond,Offspring,B1_019,8,14,,,,
201604,243_01_D9G,4.7,pond,Offspring,B1_019,8,14,,,,
201604,244_01_A12G,4.77,pond,Offspring,B1_019,8,14,,,,
201602,RC9_269_PL,7.22,larval,Offspring,B1_006,9,14,,,,
201602,RC9_222_PL,7.26,larval,Offspring,B1_006,9,14,,,,
201602,243_029P,NA,pond,Offspring,B1_006,9,14,,,,
201602,243_065P,NA,pond,Offspring,B1_006,9,14,,,,
201602,243_076P,NA,pond,Offspring,B1_006,9,14,,,,
201604,201604BR158,4.56,broodstock,father,B1_006,9,14,,,,
201604,201604BR021,3.01,broodstock,mother,B1_006,9,14,,,,
201604,RC9_153_PL,6.26,larval,Offspring,B1_006,9,14,,,,
201604,RC9_282_PL,6.68,larval,Offspring,B1_006,9,14,,,,
201604,RC9_278_PL,6.82,larval,Offspring,B1_006,9,14,,,,
201604,RC8_517_PL,6.96,larval,Offspring,B1_006,9,14,,,,
201604,RC9_227_PL,7.18,larval,Offspring,B1_006,9,14,,,,
201604,RC9_179_PL,7.24,larval,Offspring,B1_006,9,14,,,,
201604,244_01_B8G,3.67,pond,Offspring,B1_006,9,14,,,,
201604,243_046P,NA,pond,Offspring,B1_006,9,14,,,,
201604,243_078P,NA,pond,Offspring,B1_006,9,14,,,,
201602,201604BR020,3.51,broodstock,mother,B1_005,10,8,,,,
201602,RC9_245_PL,7.14,larval,Offspring,B1_005,10,8,,,,
201602,RC9_281_PL,7.52,larval,Offspring,B1_005,10,8,,,,
201604,201604BR271,NA,broodstock,father,B1_005,10,8,,,,
201604,RC9_272_PL,4.1,larval,Offspring,B1_005,10,8,,,,
201604,RC9_194_PL,5.15,larval,Offspring,B1_005,10,8,,,,
201604,RC9_207_PL,6.7,larval,Offspring,B1_005,10,8,,,,
201604,RC9_189_PL,7.1,larval,Offspring,B1_005,10,8,,,,
201604,RC9_273_PL,7.21,larval,Offspring,B1_005,10,8,,,,
201604,RC9_195_PL,7.59,larval,Offspring,B1_005,10,8,,,,
201602,RC9_275_PL,6.98,larval,Offspring,B1_036,11,12,,,,
201604,201604BR347,5.14,broodstock,father,B1_036,11,12,,,,
201604,201604BR479,3.47,broodstock,mother,B1_036,11,12,,,,
201604,RC9_154_PL,6.51,larval,Offspring,B1_036,11,12,,,,
201604,RC9_267_PL,6.93,larval,Offspring,B1_036,11,12,,,,
201604,RC9_276_PL,7.07,larval,Offspring,B1_036,11,12,,,,
201604,RC9_171_PL,7.35,larval,Offspring,B1_036,11,12,,,,
201604,RC9_265_PL,7.51,larval,Offspring,B1_036,11,12,,,,
201604,RC8_143_PL,7.73,larval,Offspring,B1_036,11,12,,,,
201604,243_01_B10G,4,pond,Offspring,B1_036,11,12,,,,
201604,243_01_B12G,6.09,pond,Offspring,B1_036,11,12,,,,
201604,243_01_G9G,7.21,pond,Offspring,B1_036,11,12,,,,
201604,243_021P,NA,pond,Offspring,B1_036,11,12,,,,
201604,243_032P,NA,pond,Offspring,B1_036,11,12,,,,
201602,243_079P,NA,pond,Offspring,B1_015,12,15,,,,
201604,201604BR195,3.69,broodstock,father,B1_015,12,15,,,,
201604,201604BR072,3.42,broodstock,mother,B1_015,12,15,,,,
201604,RC9_105_PL,3.86,larval,Offspring,B1_015,12,15,,,,
201604,RC9_158_PL,4.89,larval,Offspring,B1_015,12,15,,,,
201604,RC8_158_PL,5.15,larval,Offspring,B1_015,12,15,,,,
201604,RC8_481_PL,5.67,larval,Offspring,B1_015,12,15,,,,
201604,RC9_238_PL,6.47,larval,Offspring,B1_015,12,15,,,,
201604,RC8_496_PL,6.69,larval,Offspring,B1_015,12,15,,,,
201604,244_01_C10G,3.34,pond,Offspring,B1_015,12,15,,,,
201604,244_01_H9G,5.12,pond,Offspring,B1_015,12,15,,,,
201604,243_008P,NA,pond,Offspring,B1_015,12,15,,,,
201604,243_010P,NA,pond,Offspring,B1_015,12,15,,,,
201604,243_016P,NA,pond,Offspring,B1_015,12,15,,,,
201604,243_055P,NA,pond,Offspring,B1_015,12,15,,,,
201604,244_01_B10G,0,pond,Offspring,B1_015,12,15,,,,
201604,244_01_G9G,0,pond,Offspring,B1_015,12,15,,,,
201604,201604BR282,4.73,broodstock,father,B1_034,13,8,,,,
201604,201604BR458,1.31,broodstock,mother,B1_034,13,8,,,,
201604,RC8_499_PL,6.44,larval,Offspring,B1_034,13,8,,,,
201604,RC8_180_PL,6.76,larval,Offspring,B1_034,13,8,,,,
201604,RC8_103_PL,7.12,larval,Offspring,B1_034,13,8,,,,
201604,RC8_545_PL,7.23,larval,Offspring,B1_034,13,8,,,,
201604,RC8_153_PL,7.6,larval,Offspring,B1_034,13,8,,,,
201604,243_01_F11G,3.9,pond,Offspring,B1_034,13,8,,,,
201604,244_01_C12G,7.02,pond,Offspring,B1_034,13,8,,,,
201604,243_034P,NA,pond,Offspring,B1_034,13,8,,,,
201604,201604BR160,3.52,broodstock,father,B1_010,14,6,,,,
201604,201604BR054,3.26,broodstock,mother,B1_010,14,6,,,,
201604,RC8_530_PL,3.9,larval,Offspring,B1_010,14,6,,,,
201604,RC8_533_PL,5.78,larval,Offspring,B1_010,14,6,,,,
201604,RC8_123_PL,6.81,larval,Offspring,B1_010,14,6,,,,
201604,RC8_135_PL,7.34,larval,Offspring,B1_010,14,6,,,,
201604,243_012P,NA,pond,Offspring,B1_010,14,6,,,,
201604,243_030P,NA,pond,Offspring,B1_010,14,6,,,,
201602,RC8_512_PL,6.9,larval,Offspring,B1_003,15,6,,,,
201602,RC8_542_PL,7.83,larval,Offspring,B1_003,15,6,,,,
201604,201604BR160,3.52,broodstock,father,B1_003,15,6,,,,
201604,201604BR014,3.49,broodstock,mother,B1_003,15,6,,,,
201604,RC8_563_PL,6.38,larval,Offspring,B1_003,15,6,,,,
201604,RC8_178_PL,7.26,larval,Offspring,B1_003,15,6,,,,
201604,243_01_C12G,4.56,pond,Offspring,B1_003,15,6,,,,
201604,244_01_D7G,5.66,pond,Offspring,B1_003,15,6,,,,
201604,201604BR282,4.73,broodstock,father,B1_025,16,7,,,,
201604,201604BR399,3.9,broodstock,mother,B1_025,16,7,,,,
201604,RC8_162_PL,7.36,larval,Offspring,B1_025,16,7,,,,
201604,RC8_105_PL,7.56,larval,Offspring,B1_025,16,7,,,,
201604,RC8_100_PL,7.95,larval,Offspring,B1_025,16,7,,,,
201604,RC8_519_PL,8,larval,Offspring,B1_025,16,7,,,,
201604,244_01_A7G,4.62,pond,Offspring,B1_025,16,7,,,,
201604,243_075P,NA,pond,Offspring,B1_025,16,7,,,,
201604,244_01_B12G,0,pond,Offspring,B1_025,16,7,,,,
201602,201604BR199,3.82,broodstock,father,B1_008,17,13,,,,
201602,RC8_121_PL,7.21,larval,Offspring,B1_008,17,13,,,,
201602,243_01_C5G,3.2,pond,Offspring,B1_008,17,13,,,,
201602,244_01_G11G,3.31,pond,Offspring,B1_008,17,13,,,,
201602,243_01_B9G,3.5,pond,Offspring,B1_008,17,13,,,,
201602,243_01_D3G,3.84,pond,Offspring,B1_008,17,13,,,,
201602,244_01_H7G,7.9,pond,Offspring,B1_008,17,13,,,,
201602,243_061P,NA,pond,Offspring,B1_008,17,13,,,,
201602,243_01_A9G,0,pond,Offspring,B1_008,17,13,,,,
201602,244_01_A10G,0,pond,Offspring,B1_008,17,13,,,,
201604,201604BR047,3.95,broodstock,mother,B1_008,17,13,,,,
201604,RC9_112_PL,8.15,larval,Offspring,B1_008,17,13,,,,
201604,RC8_525_PL,9.06,larval,Offspring,B1_008,17,13,,,,
201604,244_01_B11G,3.32,pond,Offspring,B1_008,17,13,,,,
201604,243_01_H7G,4.8,pond,Offspring,B1_008,17,13,,,,
201602,243_01_D12G,3.82,pond,Offspring,B1_016,18,8,,,,
201604,201604BR157,3.34,broodstock,father,B1_016,18,8,,,,
201604,201604BR074,4.09,broodstock,mother,B1_016,18,8,,,,
201604,RC8_540_PL,4.44,larval,Offspring,B1_016,18,8,,,,
201604,RC9_142_PL,4.84,larval,Offspring,B1_016,18,8,,,,
201604,RC9_211_PL,7.79,larval,Offspring,B1_016,18,8,,,,
201604,243_01_E6G,3.48,pond,Offspring,B1_016,18,8,,,,
201604,243_01_D11G,4.11,pond,Offspring,B1_016,18,8,,,,
201604,243_064P,NA,pond,Offspring,B1_016,18,8,,,,
201604,243_01_H8G,0,pond,Offspring,B1_016,18,8,,,,
201604,201604BR385,4.41,broodstock,father,B1_037,19,6,,,,
201604,201604BR515,1.58,broodstock,mother,B1_037,19,6,,,,
201604,RC8_125_PL,6.33,larval,Offspring,B1_037,19,6,,,,
201604,RC8_102_PL,6.59,larval,Offspring,B1_037,19,6,,,,
201604,RC8_167_PL,7.24,larval,Offspring,B1_037,19,6,,,,
201604,244_01_B7G,3.98,pond,Offspring,B1_037,19,6,,,,
201604,243_083P,NA,pond,Offspring,B1_037,19,6,,,,
201604,243_01_B8G,0,pond,Offspring,B1_037,19,6,,,,
201604,201604BR204,4.05,broodstock,father,B1_027,20,4,,,,
201604,201604BR414,4.18,broodstock,mother,B1_027,20,4,,,,
201604,RC8_539_PL,6.98,larval,Offspring,B1_027,20,4,,,,
201604,RC8_122_PL,7.11,larval,Offspring,B1_027,20,4,,,,
201604,RC8_112_PL,7.42,larval,Offspring,B1_027,20,4,,,,
201604,243_084P,NA,pond,Offspring,B1_027,20,4,,,,
201602,243_025P,NA,pond,Offspring,B1_023,21,8,,,,
201604,201604BR146,5.77,broodstock,father,B1_023,21,8,,,,
201604,201604BR116,0,broodstock,mother,B1_023,21,8,,,,
201604,RC8_511_PL,6.9,larval,Offspring,B1_023,21,8,,,,
201604,RC8_118_PL,7.22,larval,Offspring,B1_023,21,8,,,,
201604,243_006P,NA,pond,Offspring,B1_023,21,8,,,,
201604,243_031P,NA,pond,Offspring,B1_023,21,8,,,,
201604,243_040P,NA,pond,Offspring,B1_023,21,8,,,,
201604,243_060P,NA,pond,Offspring,B1_023,21,8,,,,
201604,244_01_E12G,0,pond,Offspring,B1_023,21,8,,,,
201602,201604BR326,4.07,broodstock,father,B2_014,22,26,,,,
201602,201604_135_001_B11_G,3.48,pond,Offspring,B2_014,22,26,,,,
201602,201604_136_001_D10_G,3.58,pond,Offspring,B2_014,22,26,,,,
201602,201604_135_001_A1_G,3.66,pond,Offspring,B2_014,22,26,,,,
201602,201604_135_001_E6_G,5.87,pond,Offspring,B2_014,22,26,,,,
201602,201604_136_001_G9_G,6.98,pond,Offspring,B2_014,22,26,,,,
201602,201604_135_001_B10_G,0,pond,Offspring,B2_014,22,26,,,,
201604,201604BR520,4.15,broodstock,mother,B2_014,22,26,,,,
201604,201604_135_001_F3_G,2.75,pond,Offspring,B2_014,22,26,,,,
201604,201604_135_001_C10_G,2.84,pond,Offspring,B2_014,22,26,,,,
201604,201604_136_001_G2_G,3,pond,Offspring,B2_014,22,26,,,,
201604,201604_136_001_C10_G,3.1,pond,Offspring,B2_014,22,26,,,,
201604,201604_136_001_F11_G,3.39,pond,Offspring,B2_014,22,26,,,,
201604,201604_135_001_A2_G,3.47,pond,Offspring,B2_014,22,26,,,,
201604,201604_136_001_B11_G,4.18,pond,Offspring,B2_014,22,26,,,,
201604,201604_136_001_E9_G,4.19,pond,Offspring,B2_014,22,26,,,,
201604,201604_135_001_G7_G,4.85,pond,Offspring,B2_014,22,26,,,,
201604,201604_135_001_B5_G,0,pond,Offspring,B2_014,22,26,,,,
201604,201604_135_001_C4_G,0,pond,Offspring,B2_014,22,26,,,,
201604,201604_135_001_E4_G,0,pond,Offspring,B2_014,22,26,,,,
201604,201604_135_001_E9_G,0,pond,Offspring,B2_014,22,26,,,,
201604,201604_135_001_G9_G,0,pond,Offspring,B2_014,22,26,,,,
201604,201604_136_001_A2_G,0,pond,Offspring,B2_014,22,26,,,,
201604,201604_136_001_E3_G,0,pond,Offspring,B2_014,22,26,,,,
201604,201604_136_001_G1_G,0,pond,Offspring,B2_014,22,26,,,,
201604,201604_136_001_G4_G,0,pond,Offspring,B2_014,22,26,,,,
201604,201604_136_001_G7_G,0,pond,Offspring,B2_014,22,26,,,,
201604,201604_136_001_H2_G,0,pond,Offspring,B2_014,22,26,,,,
201602,201602BR088,2.31,broodstock,father,B3_012,23,61,,,,
201602,201602BR060,1.51,broodstock,mother,B3_012,23,61,,,,
201602,D1.PL015,NA,larval,Offspring,B3_012,23,61,,,,
201602,D1.PL019,NA,larval,Offspring,B3_012,23,61,,,,
201602,D1.PL025,NA,larval,Offspring,B3_012,23,61,,,,
201602,D1.PL027,NA,larval,Offspring,B3_012,23,61,,,,
201602,D1.PL028,NA,larval,Offspring,B3_012,23,61,,,,
201602,D1.PL036,NA,larval,Offspring,B3_012,23,61,,,,
201602,D1.PL051,NA,larval,Offspring,B3_012,23,61,,,,
201602,D1.PL056,NA,larval,Offspring,B3_012,23,61,,,,
201602,D1.PL060,NA,larval,Offspring,B3_012,23,61,,,,
201602,D1.PL061,NA,larval,Offspring,B3_012,23,61,,,,
201602,D1.PL063,NA,larval,Offspring,B3_012,23,61,,,,
201602,D1.PL064,NA,larval,Offspring,B3_012,23,61,,,,
201602,D1.PL074,NA,larval,Offspring,B3_012,23,61,,,,
201602,D1.PL075,NA,larval,Offspring,B3_012,23,61,,,,
201602,D1.PL078,NA,larval,Offspring,B3_012,23,61,,,,
201602,D1.PL080,NA,larval,Offspring,B3_012,23,61,,,,
201602,D1.PL087,NA,larval,Offspring,B3_012,23,61,,,,
201602,D1.PL091,NA,larval,Offspring,B3_012,23,61,,,,
201602,D1.PL094,NA,larval,Offspring,B3_012,23,61,,,,
201602,D1_Plate1_A10G,NA,larval,Offspring,B3_012,23,61,,,,
201602,D1_Plate1_A1G,NA,larval,Offspring,B3_012,23,61,,,,
201602,D1_Plate1_A2G,NA,larval,Offspring,B3_012,23,61,,,,
201602,D1_Plate1_A3G,NA,larval,Offspring,B3_012,23,61,,,,
201602,D1_Plate1_A4G,NA,larval,Offspring,B3_012,23,61,,,,
201602,D1_Plate1_A8G,NA,larval,Offspring,B3_012,23,61,,,,
201602,D1_Plate1_B6G,NA,larval,Offspring,B3_012,23,61,,,,
201602,D1_Plate1_C1G,NA,larval,Offspring,B3_012,23,61,,,,
201602,D1_Plate1_C4G,NA,larval,Offspring,B3_012,23,61,,,,
201602,D1_Plate1_C5G,NA,larval,Offspring,B3_012,23,61,,,,
201602,D1_Plate1_D2G,NA,larval,Offspring,B3_012,23,61,,,,
201602,D1_Plate1_D4G,NA,larval,Offspring,B3_012,23,61,,,,
201602,D1_Plate1_D8G,NA,larval,Offspring,B3_012,23,61,,,,
201602,D1_Plate1_E12G,NA,larval,Offspring,B3_012,23,61,,,,
201602,D1_Plate1_E6G,NA,larval,Offspring,B3_012,23,61,,,,
201602,D1_Plate1_E7G,NA,larval,Offspring,B3_012,23,61,,,,
201602,D1_Plate1_F12G,NA,larval,Offspring,B3_012,23,61,,,,
201602,D1_Plate1_F2G,NA,larval,Offspring,B3_012,23,61,,,,
201602,D1_Plate1_F7G,NA,larval,Offspring,B3_012,23,61,,,,
201602,D1_Plate1_G2G,NA,larval,Offspring,B3_012,23,61,,,,
201602,D1_Plate1_G9G,NA,larval,Offspring,B3_012,23,61,,,,
201602,D1_Plate1_H9G,NA,larval,Offspring,B3_012,23,61,,,,
201602,RD3_PL010,NA,larval,Offspring,B3_012,23,61,,,,
201602,RD3_PL014,NA,larval,Offspring,B3_012,23,61,,,,
201602,RD3_PL090,NA,larval,Offspring,B3_012,23,61,,,,
201602,RD4_PL006,NA,larval,Offspring,B3_012,23,61,,,,
201602,RD4_PL011,NA,larval,Offspring,B3_012,23,61,,,,
201602,RD4_PL014,NA,larval,Offspring,B3_012,23,61,,,,
201602,RD4_PL020,NA,larval,Offspring,B3_012,23,61,,,,
201602,RD4_PL026,NA,larval,Offspring,B3_012,23,61,,,,
201602,RD4_PL036,NA,larval,Offspring,B3_012,23,61,,,,
201602,RD4_PL039,NA,larval,Offspring,B3_012,23,61,,,,
201602,RD4_PL042,NA,larval,Offspring,B3_012,23,61,,,,
201602,RD4_PL045,NA,larval,Offspring,B3_012,23,61,,,,
201602,RD4_PL050,NA,larval,Offspring,B3_012,23,61,,,,
201602,RD4_PL054,NA,larval,Offspring,B3_012,23,61,,,,
201602,RD4_PL079,NA,larval,Offspring,B3_012,23,61,,,,
201602,201602_142_005_A10_G,3.74,pond,Offspring,B3_012,23,61,,,,
201602,201602_141_001_D9_G,0,pond,Offspring,B3_012,23,61,,,,
201602,201602_141_001_F3_G,0,pond,Offspring,B3_012,23,61,,,,
201602,201602_142_005_C5_G,0,pond,Offspring,B3_012,23,61,,,,
201602,201602_142_005_F11_G,0,pond,Offspring,B3_012,23,61,,,,
201604,201604BR231,3.15,broodstock,father,B2_010,24,21,,,,
201604,201604BR094,3.71,broodstock,mother,B2_010,24,21,,,,
201604,201604_135_001_C9_G,2.98,pond,Offspring,B2_010,24,21,,,,
201604,201604_135_001_H9_G,3.14,pond,Offspring,B2_010,24,21,,,,
201604,201604_135_001_E5_G,3.38,pond,Offspring,B2_010,24,21,,,,
201604,201604_135_001_B7_G,3.38,pond,Offspring,B2_010,24,21,,,,
201604,201604_136_001_H4_G,3.65,pond,Offspring,B2_010,24,21,,,,
201604,201604_136_001_C7_G,3.74,pond,Offspring,B2_010,24,21,,,,
201604,201604_135_001_E7_G,3.82,pond,Offspring,B2_010,24,21,,,,
201604,201604_136_001_A8_G,3.93,pond,Offspring,B2_010,24,21,,,,
201604,201604_135_001_G4_G,4.05,pond,Offspring,B2_010,24,21,,,,
201604,201604_136_001_B1_G,4.25,pond,Offspring,B2_010,24,21,,,,
201604,201604_135_001_H1_G,4.6,pond,Offspring,B2_010,24,21,,,,
201604,201604_135_001_A3_G,4.61,pond,Offspring,B2_010,24,21,,,,
201604,201604_136_001_F5_G,5,pond,Offspring,B2_010,24,21,,,,
201604,201604_135_001_C1_G,5.23,pond,Offspring,B2_010,24,21,,,,
201604,201604_136_001_B7_G,5.74,pond,Offspring,B2_010,24,21,,,,
201604,201604_135_001_D8_G,6.38,pond,Offspring,B2_010,24,21,,,,
201604,201604_136_001_G10_G,8.03,pond,Offspring,B2_010,24,21,,,,
201604,201604_135_001_D7_G,0,pond,Offspring,B2_010,24,21,,,,
201604,201604_135_001_F1_G,0,pond,Offspring,B2_010,24,21,,,,
201604,201604_135_001_G5_G,0,pond,Offspring,B2_010,24,21,,,,
201604,201604_136_001_D2_G,0,pond,Offspring,B2_010,24,21,,,,
201604,201604BR365,3.55,broodstock,father,B2_017,25,11,,,,
201604,201604BR537,2.04,broodstock,mother,B2_017,25,11,,,,
201604,201604_136_001_A4_G,3.69,pond,Offspring,B2_017,25,11,,,,
201604,201604_135_001_C6_G,3.8,pond,Offspring,B2_017,25,11,,,,
201604,201604_135_001_A4_G,4.33,pond,Offspring,B2_017,25,11,,,,
201604,201604_136_001_C6_G,4.7,pond,Offspring,B2_017,25,11,,,,
201604,201604_135_001_G2_G,5.12,pond,Offspring,B2_017,25,11,,,,
201604,201604_136_001_G3_G,5.36,pond,Offspring,B2_017,25,11,,,,
201604,201604_135_001_F7_G,6.23,pond,Offspring,B2_017,25,11,,,,
201604,201604_136_001_A11_G,6.98,pond,Offspring,B2_017,25,11,,,,
201604,201604_135_001_F2_G,7.21,pond,Offspring,B2_017,25,11,,,,
201604,201604_135_001_B3_G,0,pond,Offspring,B2_017,25,11,,,,
201604,201604_136_001_H3_G,0,pond,Offspring,B2_017,25,11,,,,
201602,201602BR121,NA,broodstock,father,B3_013,26,56,,,,
201602,201602BR063,2.29,broodstock,mother,B3_013,26,56,,,,
201602,D1.PL011,NA,larval,Offspring,B3_013,26,56,,,,
201602,D1.PL013,NA,larval,Offspring,B3_013,26,56,,,,
201602,D1.PL014,NA,larval,Offspring,B3_013,26,56,,,,
201602,D1.PL016,NA,larval,Offspring,B3_013,26,56,,,,
201602,D1.PL024,NA,larval,Offspring,B3_013,26,56,,,,
201602,D1.PL029,NA,larval,Offspring,B3_013,26,56,,,,
201602,D1.PL035,NA,larval,Offspring,B3_013,26,56,,,,
201602,D1.PL040,NA,larval,Offspring,B3_013,26,56,,,,
201602,D1.PL046,NA,larval,Offspring,B3_013,26,56,,,,
201602,D1.PL050,NA,larval,Offspring,B3_013,26,56,,,,
201602,D1.PL052,NA,larval,Offspring,B3_013,26,56,,,,
201602,D1.PL055,NA,larval,Offspring,B3_013,26,56,,,,
201602,D1.PL059,NA,larval,Offspring,B3_013,26,56,,,,
201602,D1.PL077,NA,larval,Offspring,B3_013,26,56,,,,
201602,D1.PL079,NA,larval,Offspring,B3_013,26,56,,,,
201602,D1.PL082,NA,larval,Offspring,B3_013,26,56,,,,
201602,D1_Plate1_A5G,NA,larval,Offspring,B3_013,26,56,,,,
201602,D1_Plate1_A7G,NA,larval,Offspring,B3_013,26,56,,,,
201602,D1_Plate1_A9G,NA,larval,Offspring,B3_013,26,56,,,,
201602,D1_Plate1_B10G,NA,larval,Offspring,B3_013,26,56,,,,
201602,D1_Plate1_B1G,NA,larval,Offspring,B3_013,26,56,,,,
201602,D1_Plate1_B3G,NA,larval,Offspring,B3_013,26,56,,,,
201602,D1_Plate1_B4G,NA,larval,Offspring,B3_013,26,56,,,,
201602,D1_Plate1_B5G,NA,larval,Offspring,B3_013,26,56,,,,
201602,D1_Plate1_C2G,NA,larval,Offspring,B3_013,26,56,,,,
201602,D1_Plate1_D12G,NA,larval,Offspring,B3_013,26,56,,,,
201602,D1_Plate1_D3G,NA,larval,Offspring,B3_013,26,56,,,,
201602,D1_Plate1_E1G,NA,larval,Offspring,B3_013,26,56,,,,
201602,D1_Plate1_E3G,NA,larval,Offspring,B3_013,26,56,,,,
201602,D1_Plate1_F4G,NA,larval,Offspring,B3_013,26,56,,,,
201602,D1_Plate1_G4G,NA,larval,Offspring,B3_013,26,56,,,,
201602,D1_Plate1_H11G,NA,larval,Offspring,B3_013,26,56,,,,
201602,RD4_PL044,NA,larval,Offspring,B3_013,26,56,,,,
201602,RD4_PL058,NA,larval,Offspring,B3_013,26,56,,,,
201602,RD4_PL064,NA,larval,Offspring,B3_013,26,56,,,,
201602,RD4_PL067,NA,larval,Offspring,B3_013,26,56,,,,
201602,RD4_PL076,NA,larval,Offspring,B3_013,26,56,,,,
201602,RD4_PL087,NA,larval,Offspring,B3_013,26,56,,,,
201602,201602_141_001_D11_G,3.09,pond,Offspring,B3_013,26,56,,,,
201602,201602_141_001_G11_G,3.14,pond,Offspring,B3_013,26,56,,,,
201602,201602_141_001_A8_G,3.14,pond,Offspring,B3_013,26,56,,,,
201602,201602_141_001_A10_G,0,pond,Offspring,B3_013,26,56,,,,
201602,201602_141_001_B3_G,0,pond,Offspring,B3_013,26,56,,,,
201602,201602_141_001_C5_G,0,pond,Offspring,B3_013,26,56,,,,
201602,201602_142_005_B11_G,0,pond,Offspring,B3_013,26,56,,,,
201602,201602_142_005_C6_G,0,pond,Offspring,B3_013,26,56,,,,
201602,201602_142_005_D11_G,0,pond,Offspring,B3_013,26,56,,,,
201602,201602_142_005_E10_G,0,pond,Offspring,B3_013,26,56,,,,
201602,201602_142_005_E4_G,0,pond,Offspring,B3_013,26,56,,,,
201602,201602_142_005_H7_G,0,pond,Offspring,B3_013,26,56,,,,
201604,D1_Plate1_D10G,NA,larval,Offspring,B3_013,26,56,,,,
201604,D1_Plate1_H1G,NA,larval,Offspring,B3_013,26,56,,,,
201604,D1_Plate1_H3G,NA,larval,Offspring,B3_013,26,56,,,,
201604,D1_Plate1_H8G,NA,larval,Offspring,B3_013,26,56,,,,
201604,RD3_PL086,NA,larval,Offspring,B3_013,26,56,,,,
201604,RD4_PL032,NA,larval,Offspring,B3_013,26,56,,,,
201604,201604BR223,NA,broodstock,father,B2_007,27,23,,,,
201604,201604BR102,0,broodstock,mother,B2_007,27,23,,,,
201604,201604_135_001_F9_G,2.74,pond,Offspring,B2_007,27,23,,,,
201604,201604_135_001_A8_G,2.78,pond,Offspring,B2_007,27,23,,,,
201604,201604_136_001_G6_G,3.11,pond,Offspring,B2_007,27,23,,,,
201604,201604_136_001_B2_G,3.15,pond,Offspring,B2_007,27,23,,,,
201604,201604_136_001_F7_G,3.19,pond,Offspring,B2_007,27,23,,,,
201604,201604_135_001_E10_G,3.21,pond,Offspring,B2_007,27,23,,,,
201604,201604_136_001_F3_G,3.25,pond,Offspring,B2_007,27,23,,,,
201604,201604_136_001_G5_G,3.39,pond,Offspring,B2_007,27,23,,,,
201604,201604_135_001_H10_G,3.49,pond,Offspring,B2_007,27,23,,,,
201604,201604_135_001_H11_G,3.57,pond,Offspring,B2_007,27,23,,,,
201604,201604_135_001_E3_G,3.58,pond,Offspring,B2_007,27,23,,,,
201604,201604_135_001_G1_G,3.59,pond,Offspring,B2_007,27,23,,,,
201604,201604_135_001_D1_G,4.72,pond,Offspring,B2_007,27,23,,,,
201604,201604_135_001_E2_G,5.06,pond,Offspring,B2_007,27,23,,,,
201604,201604_136_001_A6_G,5.95,pond,Offspring,B2_007,27,23,,,,
201604,201604_136_001_B9_G,6.4,pond,Offspring,B2_007,27,23,,,,
201604,201604_136_001_A1_G,6.45,pond,Offspring,B2_007,27,23,,,,
201604,201604_135_001_B4_G,6.65,pond,Offspring,B2_007,27,23,,,,
201604,201604_136_001_B8_G,6.96,pond,Offspring,B2_007,27,23,,,,
201604,201604_135_001_A10_G,0,pond,Offspring,B2_007,27,23,,,,
201604,201604_136_001_E2_G,0,pond,Offspring,B2_007,27,23,,,,
201604,201604_136_001_F1_G,0,pond,Offspring,B2_007,27,23,,,,
201604,201604_136_001_H10_G,0,pond,Offspring,B2_007,27,23,,,,
201604,201602BR118,NA,broodstock,father,B3_020,28,42,,,,
201604,201602BR123,0,broodstock,mother,B3_020,28,42,,,,
201604,RD2_003,NA,larval,Offspring,B3_020,28,42,,,,
201604,RD2_005,NA,larval,Offspring,B3_020,28,42,,,,
201604,RD2_007,NA,larval,Offspring,B3_020,28,42,,,,
201604,RD2_011,NA,larval,Offspring,B3_020,28,42,,,,
201604,RD2_018,NA,larval,Offspring,B3_020,28,42,,,,
201604,RD2_021,NA,larval,Offspring,B3_020,28,42,,,,
201604,RD2_022,NA,larval,Offspring,B3_020,28,42,,,,
201604,RD2_034,NA,larval,Offspring,B3_020,28,42,,,,
201604,RD2_036,NA,larval,Offspring,B3_020,28,42,,,,
201604,RD2_039,NA,larval,Offspring,B3_020,28,42,,,,
201604,RD2_044,NA,larval,Offspring,B3_020,28,42,,,,
201604,RD2_048,NA,larval,Offspring,B3_020,28,42,,,,
201604,RD2_051,NA,larval,Offspring,B3_020,28,42,,,,
201604,RD2_054,NA,larval,Offspring,B3_020,28,42,,,,
201604,RD2_062,NA,larval,Offspring,B3_020,28,42,,,,
201604,RD2_066,NA,larval,Offspring,B3_020,28,42,,,,
201604,RD2_067,NA,larval,Offspring,B3_020,28,42,,,,
201604,RD2_074,NA,larval,Offspring,B3_020,28,42,,,,
201604,RD2_076,NA,larval,Offspring,B3_020,28,42,,,,
201604,RD2_080,NA,larval,Offspring,B3_020,28,42,,,,
201604,RD2_081,NA,larval,Offspring,B3_020,28,42,,,,
201604,RD2_082,NA,larval,Offspring,B3_020,28,42,,,,
201604,RD2_085,NA,larval,Offspring,B3_020,28,42,,,,
201604,RD2_087,NA,larval,Offspring,B3_020,28,42,,,,
201604,RD2_091,NA,larval,Offspring,B3_020,28,42,,,,
201604,RD2_093,NA,larval,Offspring,B3_020,28,42,,,,
201604,201602_141_001_H7_G,2.99,pond,Offspring,B3_020,28,42,,,,
201604,201602_141_001_E11_G,3.1,pond,Offspring,B3_020,28,42,,,,
201604,201602_141_001_E2_G,3.16,pond,Offspring,B3_020,28,42,,,,
201604,201602_142_005_G2_G,3.88,pond,Offspring,B3_020,28,42,,,,
201604,201602_142_005_G1_G,5.3,pond,Offspring,B3_020,28,42,,,,
201604,201602_141_001_C4_G,0,pond,Offspring,B3_020,28,42,,,,
201604,201602_141_001_C6_G,0,pond,Offspring,B3_020,28,42,,,,
201604,201602_141_001_D1_G,0,pond,Offspring,B3_020,28,42,,,,
201604,201602_141_001_D8_G,0,pond,Offspring,B3_020,28,42,,,,
201604,201602_141_001_E9_G,0,pond,Offspring,B3_020,28,42,,,,
201604,201602_141_001_G9_G,0,pond,Offspring,B3_020,28,42,,,,
201604,201602_141_001_H10_G,0,pond,Offspring,B3_020,28,42,,,,
201604,201602_142_005_A2_G,0,pond,Offspring,B3_020,28,42,,,,
201604,201602_142_005_D3_G,0,pond,Offspring,B3_020,28,42,,,,
201604,201602_142_005_D6_G,0,pond,Offspring,B3_020,28,42,,,,
201604,201602_142_005_E5_G,0,pond,Offspring,B3_020,28,42,,,,
201602,201604BR261,NA,broodstock,father,B2_021,29,4,,,,
201602,201604BR119,4,broodstock,mother,B2_021,29,4,,,,
201602,201604_136_001_E7_G,3.62,pond,Offspring,B2_021,29,4,,,,
201602,201604_135_001_A12_G,4.09,pond,Offspring,B2_021,29,4,,,,
201602,201604_136_001_E12_G,5.09,pond,Offspring,B2_021,29,4,,,,
201602,201604_136_001_E4_G,0,pond,Offspring,B2_021,29,4,,,,
201602,201602BR087,1.82,broodstock,father,B3_011,30,46,,,,
201602,201602BR056,0,broodstock,mother,B3_011,30,46,,,,
201602,RD2_009,NA,larval,Offspring,B3_011,30,46,,,,
201602,RD2_014,NA,larval,Offspring,B3_011,30,46,,,,
201602,RD2_037,NA,larval,Offspring,B3_011,30,46,,,,
201602,RD2_043,NA,larval,Offspring,B3_011,30,46,,,,
201602,RD2_047,NA,larval,Offspring,B3_011,30,46,,,,
201602,RD2_055,NA,larval,Offspring,B3_011,30,46,,,,
201602,RD2_058,NA,larval,Offspring,B3_011,30,46,,,,
201602,RD2_060,NA,larval,Offspring,B3_011,30,46,,,,
201602,RD2_061,NA,larval,Offspring,B3_011,30,46,,,,
201602,RD2_072,NA,larval,Offspring,B3_011,30,46,,,,
201602,RD2_073,NA,larval,Offspring,B3_011,30,46,,,,
201602,RD2_077,NA,larval,Offspring,B3_011,30,46,,,,
201602,RD2_083,NA,larval,Offspring,B3_011,30,46,,,,
201602,RD2_086,NA,larval,Offspring,B3_011,30,46,,,,
201602,RD2_090,NA,larval,Offspring,B3_011,30,46,,,,
201602,201602_141_001_F11_G,3.08,pond,Offspring,B3_011,30,46,,,,
201602,201602_141_001_A2_G,3.11,pond,Offspring,B3_011,30,46,,,,
201602,201602_141_001_C12_G,3.15,pond,Offspring,B3_011,30,46,,,,
201602,201602_142_005_B7_G,3.91,pond,Offspring,B3_011,30,46,,,,
201602,201602_142_005_A7_G,4.12,pond,Offspring,B3_011,30,46,,,,
201602,201602_142_005_F12_G,4.12,pond,Offspring,B3_011,30,46,,,,
201602,201602_142_005_B8_G,4.15,pond,Offspring,B3_011,30,46,,,,
201602,201602_142_005_B12_G,4.17,pond,Offspring,B3_011,30,46,,,,
201602,201602_142_005_E11_G,4.29,pond,Offspring,B3_011,30,46,,,,
201602,201602_142_005_E3_G,7.08,pond,Offspring,B3_011,30,46,,,,
201602,201602_142_005_E12_G,7.23,pond,Offspring,B3_011,30,46,,,,
201602,201602_141_001_A3_G,0,pond,Offspring,B3_011,30,46,,,,
201602,201602_141_001_C1_G,0,pond,Offspring,B3_011,30,46,,,,
201602,201602_141_001_E6_G,0,pond,Offspring,B3_011,30,46,,,,
201602,201602_141_001_G10_G,0,pond,Offspring,B3_011,30,46,,,,
201602,201602_142_005_A12_G,0,pond,Offspring,B3_011,30,46,,,,
201602,201602_142_005_B2_G,0,pond,Offspring,B3_011,30,46,,,,
201602,201602_142_005_B3_G,0,pond,Offspring,B3_011,30,46,,,,
201602,201602_142_005_C12_G,0,pond,Offspring,B3_011,30,46,,,,
201602,201602_142_005_D1_G,0,pond,Offspring,B3_011,30,46,,,,
201602,201602_142_005_D12_G,0,pond,Offspring,B3_011,30,46,,,,
201602,201602_142_005_F2_G,0,pond,Offspring,B3_011,30,46,,,,
201602,201602_142_005_F3_G,0,pond,Offspring,B3_011,30,46,,,,
201602,201602_142_005_F5_G,0,pond,Offspring,B3_011,30,46,,,,
201602,201602_142_005_F6_G,0,pond,Offspring,B3_011,30,46,,,,
201602,201602_142_005_G5_G,0,pond,Offspring,B3_011,30,46,,,,
201602,201602_142_005_G6_G,0,pond,Offspring,B3_011,30,46,,,,
201602,201602_142_005_H2_G,0,pond,Offspring,B3_011,30,46,,,,
201602,201602_142_005_H4_G,0,pond,Offspring,B3_011,30,46,,,,
201602,201602_142_005_H5_G,0,pond,Offspring,B3_011,30,46,,,,
201602,201602_142_005_H6_G,0,pond,Offspring,B3_011,30,46,,,,
201604,201604BR323,5.47,broodstock,father,B2_013,31,17,,,,
201604,201604BR429,0,broodstock,mother,B2_013,31,17,,,,
201604,201604_136_001_D4_G,3.19,pond,Offspring,B2_013,31,17,,,,
201604,201604_136_001_H8_G,3.48,pond,Offspring,B2_013,31,17,,,,
201604,201604_136_001_C11_G,3.58,pond,Offspring,B2_013,31,17,,,,
201604,201604_136_001_B4_G,3.65,pond,Offspring,B2_013,31,17,,,,
201604,201604_135_001_B6_G,3.72,pond,Offspring,B2_013,31,17,,,,
201604,201604_135_001_G10_G,3.99,pond,Offspring,B2_013,31,17,,,,
201604,201604_136_001_D5_G,4,pond,Offspring,B2_013,31,17,,,,
201604,201604_136_001_D7_G,4.16,pond,Offspring,B2_013,31,17,,,,
201604,201604_136_001_E1_G,5.37,pond,Offspring,B2_013,31,17,,,,
201604,201604_135_001_E12_G,5.6,pond,Offspring,B2_013,31,17,,,,
201604,201604_135_001_F12_G,6.4,pond,Offspring,B2_013,31,17,,,,
201604,201604_135_001_D5_G,0,pond,Offspring,B2_013,31,17,,,,
201604,201604_135_001_D6_G,0,pond,Offspring,B2_013,31,17,,,,
201604,201604_135_001_H2_G,0,pond,Offspring,B2_013,31,17,,,,
201604,201604_135_001_H5_G,0,pond,Offspring,B2_013,31,17,,,,
201604,201604_136_001_A5_G,0,pond,Offspring,B2_013,31,17,,,,
201604,201604_136_001_B10_G,0,pond,Offspring,B2_013,31,17,,,,
201604,201604BR336,5.39,broodstock,father,B2_015,32,14,,,,
201604,201604BR099,3.51,broodstock,mother,B2_015,32,14,,,,
201604,201604_135_001_F11_G,3.07,pond,Offspring,B2_015,32,14,,,,
201604,201604_136_001_E11_G,3.18,pond,Offspring,B2_015,32,14,,,,
201604,201604_136_001_H9_G,3.25,pond,Offspring,B2_015,32,14,,,,
201604,201604_135_001_F6_G,3.93,pond,Offspring,B2_015,32,14,,,,
201604,201604_136_001_H6_G,4.83,pond,Offspring,B2_015,32,14,,,,
201604,201604_136_001_C3_G,4.9,pond,Offspring,B2_015,32,14,,,,
201604,201604_136_001_E8_G,5.24,pond,Offspring,B2_015,32,14,,,,
201604,201604_136_001_B3_G,5.74,pond,Offspring,B2_015,32,14,,,,
201604,201604_136_001_B5_G,7.43,pond,Offspring,B2_015,32,14,,,,
201604,201604_135_001_H4_G,0,pond,Offspring,B2_015,32,14,,,,
201604,201604_136_001_C4_G,0,pond,Offspring,B2_015,32,14,,,,
201604,201604_136_001_F8_G,0,pond,Offspring,B2_015,32,14,,,,
201604,201604_136_001_H7_G,0,pond,Offspring,B2_015,32,14,,,,
201604,201604_136_001_G8_G,#N/A,pond,Offspring,B2_015,32,14,,,,
201602,201602BR105,1.39,broodstock,father,B3_007,33,29,,,,
201602,201602BR040,1.46,broodstock,mother,B3_007,33,29,,,,
201602,D1.PL004,NA,larval,Offspring,B3_007,33,29,,,,
201602,D1.PL012,NA,larval,Offspring,B3_007,33,29,,,,
201602,D1.PL023,NA,larval,Offspring,B3_007,33,29,,,,
201602,D1.PL032,NA,larval,Offspring,B3_007,33,29,,,,
201602,D1.PL037,NA,larval,Offspring,B3_007,33,29,,,,
201602,D1.PL041,NA,larval,Offspring,B3_007,33,29,,,,
201602,D1.PL085,NA,larval,Offspring,B3_007,33,29,,,,
201602,D1_Plate1_B2G,NA,larval,Offspring,B3_007,33,29,,,,
201602,D1_Plate1_B9G,NA,larval,Offspring,B3_007,33,29,,,,
201602,D1_Plate1_C12G,NA,larval,Offspring,B3_007,33,29,,,,
201602,D1_Plate1_C3G,NA,larval,Offspring,B3_007,33,29,,,,
201602,D1_Plate1_D7G,NA,larval,Offspring,B3_007,33,29,,,,
201602,D1_Plate1_E10G,NA,larval,Offspring,B3_007,33,29,,,,
201602,D1_Plate1_E2G,NA,larval,Offspring,B3_007,33,29,,,,
201602,D1_Plate1_G3G,NA,larval,Offspring,B3_007,33,29,,,,
201602,D1_Plate1_H6G,NA,larval,Offspring,B3_007,33,29,,,,
201602,RD3_PL057,NA,larval,Offspring,B3_007,33,29,,,,
201602,RD4_PL004,NA,larval,Offspring,B3_007,33,29,,,,
201602,RD4_PL007,NA,larval,Offspring,B3_007,33,29,,,,
201602,RD4_PL053,NA,larval,Offspring,B3_007,33,29,,,,
201602,RD4_PL068,NA,larval,Offspring,B3_007,33,29,,,,
201602,RD4_PL069,NA,larval,Offspring,B3_007,33,29,,,,
201602,RD4_PL072,NA,larval,Offspring,B3_007,33,29,,,,
201602,RD4_PL080,NA,larval,Offspring,B3_007,33,29,,,,
201602,RD4_PL084,NA,larval,Offspring,B3_007,33,29,,,,
201602,RD4_PL090,NA,larval,Offspring,B3_007,33,29,,,,
201602,201602_141_001_B12_G,3.15,pond,Offspring,B3_007,33,29,,,,
201602,201602_141_001_H11_G,0,pond,Offspring,B3_007,33,29,,,,
201602,201602_141_001_H8_G,0,pond,Offspring,B3_007,33,29,,,,
201602,201604_136_001_E5_G,5.17,pond,Offspring,B2_003,34,13,,,,
201604,201604BR142,0,broodstock,father,B2_003,34,13,,,,
201604,201604BR049,0,broodstock,mother,B2_003,34,13,,,,
201604,201604_135_001_B8_G,2.58,pond,Offspring,B2_003,34,13,,,,
201604,201604_135_001_A11_G,2.81,pond,Offspring,B2_003,34,13,,,,
201604,201604_136_001_F10_G,3.07,pond,Offspring,B2_003,34,13,,,,
201604,201604_136_001_D1_G,3.35,pond,Offspring,B2_003,34,13,,,,
201604,201604_136_001_C9_G,3.64,pond,Offspring,B2_003,34,13,,,,
201604,201604_136_001_D6_G,3.81,pond,Offspring,B2_003,34,13,,,,
201604,201604_136_001_D9_G,3.83,pond,Offspring,B2_003,34,13,,,,
201604,201604_135_001_E8_G,3.83,pond,Offspring,B2_003,34,13,,,,
201604,201604_135_001_D11_G,4.31,pond,Offspring,B2_003,34,13,,,,
201604,201604_135_001_A5_G,0,pond,Offspring,B2_003,34,13,,,,
201604,201604_135_001_C7_G,0,pond,Offspring,B2_003,34,13,,,,
201604,201604_136_001_D12_G,0,pond,Offspring,B2_003,34,13,,,,
201602,201602BR096,1.7,broodstock,father,B3_016,35,25,,,,
201602,201602BR075,2.43,broodstock,mother,B3_016,35,25,,,,
201602,RD2_006,NA,larval,Offspring,B3_016,35,25,,,,
201602,RD2_008,NA,larval,Offspring,B3_016,35,25,,,,
201602,RD2_012,NA,larval,Offspring,B3_016,35,25,,,,
201602,RD2_028,NA,larval,Offspring,B3_016,35,25,,,,
201602,RD2_031,NA,larval,Offspring,B3_016,35,25,,,,
201602,RD2_032,NA,larval,Offspring,B3_016,35,25,,,,
201602,RD2_038,NA,larval,Offspring,B3_016,35,25,,,,
201602,RD2_052,NA,larval,Offspring,B3_016,35,25,,,,
201602,RD2_057,NA,larval,Offspring,B3_016,35,25,,,,
201602,RD2_063,NA,larval,Offspring,B3_016,35,25,,,,
201602,RD2_068,NA,larval,Offspring,B3_016,35,25,,,,
201602,RD2_070,NA,larval,Offspring,B3_016,35,25,,,,
201602,201602_141_001_C2_G,3.09,pond,Offspring,B3_016,35,25,,,,
201602,201602_142_005_F9_G,3.71,pond,Offspring,B3_016,35,25,,,,
201602,201602_141_001_A9_G,0,pond,Offspring,B3_016,35,25,,,,
201602,201602_141_001_B1_G,0,pond,Offspring,B3_016,35,25,,,,
201602,201602_141_001_B5_G,0,pond,Offspring,B3_016,35,25,,,,
201602,201602_141_001_C9_G,0,pond,Offspring,B3_016,35,25,,,,
201602,201602_141_001_F7_G,0,pond,Offspring,B3_016,35,25,,,,
201602,201602_142_005_A3_G,0,pond,Offspring,B3_016,35,25,,,,
201602,201602_142_005_A5_G,0,pond,Offspring,B3_016,35,25,,,,
201602,201602_142_005_B5_G,0,pond,Offspring,B3_016,35,25,,,,
201602,201602_142_005_E9_G,0,pond,Offspring,B3_016,35,25,,,,
201602,201602_142_005_F1_G,0,pond,Offspring,B3_016,35,25,,,,
201602,201602_142_005_H8_G,0,pond,Offspring,B3_016,35,25,,,,
201602,201602BR020,NA,broodstock,father,B3_019,36,12,,,,
201602,201602BR085,1.31,broodstock,mother,B3_019,36,12,,,,
201602,RD2_020,NA,larval,Offspring,B3_019,36,12,,,,
201602,RD2_024,NA,larval,Offspring,B3_019,36,12,,,,
201602,RD2_029,NA,larval,Offspring,B3_019,36,12,,,,
201602,RD2_088,NA,larval,Offspring,B3_019,36,12,,,,
201602,RD3_PL031,NA,larval,Offspring,B3_019,36,12,,,,
201602,RD3_PL052,NA,larval,Offspring,B3_019,36,12,,,,
201602,RD3_PL064,NA,larval,Offspring,B3_019,36,12,,,,
201602,RD3_PL069,NA,larval,Offspring,B3_019,36,12,,,,
201602,RD3_PL074,NA,larval,Offspring,B3_019,36,12,,,,
201602,RD3_PL077,NA,larval,Offspring,B3_019,36,12,,,,
201602,201602_141_001_D10_G,0,pond,Offspring,B3_019,36,12,,,,
201602,201602_142_005_H3_G,0,pond,Offspring,B3_019,36,12,,,,
201602,201602BR093,1.73,broodstock,father,B3_004,37,19,,,,
201602,201602BR036,2.76,broodstock,mother,B3_004,37,19,,,,
201602,RD2_033,NA,larval,Offspring,B3_004,37,19,,,,
201602,RD3_PL006,NA,larval,Offspring,B3_004,37,19,,,,
201602,RD3_PL007,NA,larval,Offspring,B3_004,37,19,,,,
201602,RD3_PL008,NA,larval,Offspring,B3_004,37,19,,,,
201602,RD3_PL012,NA,larval,Offspring,B3_004,37,19,,,,
201602,RD3_PL013,NA,larval,Offspring,B3_004,37,19,,,,
201602,RD3_PL034,NA,larval,Offspring,B3_004,37,19,,,,
201602,RD3_PL035,NA,larval,Offspring,B3_004,37,19,,,,
201602,RD3_PL039,NA,larval,Offspring,B3_004,37,19,,,,
201602,RD3_PL041,NA,larval,Offspring,B3_004,37,19,,,,
201602,RD3_PL045,NA,larval,Offspring,B3_004,37,19,,,,
201602,RD3_PL051,NA,larval,Offspring,B3_004,37,19,,,,
201602,RD3_PL053,NA,larval,Offspring,B3_004,37,19,,,,
201602,RD3_PL056,NA,larval,Offspring,B3_004,37,19,,,,
201602,RD3_PL059,NA,larval,Offspring,B3_004,37,19,,,,
201602,RD3_PL065,NA,larval,Offspring,B3_004,37,19,,,,
201602,RD3_PL081,NA,larval,Offspring,B3_004,37,19,,,,
201602,RD3_PL094,NA,larval,Offspring,B3_004,37,19,,,,
201602,201602_141_001_E10_G,0,pond,Offspring,B3_004,37,19,,,,
201602,201604_136_001_B12_G,0,pond,Offspring,B2_020,38,5,,,,
201604,201604BR261,NA,broodstock,father,B2_020,38,5,,,,
201604,201604BR103,3.41,broodstock,mother,B2_020,38,5,,,,
201604,201604_135_001_B9_G,3.26,pond,Offspring,B2_020,38,5,,,,
201604,201604_136_001_H11_G,3.66,pond,Offspring,B2_020,38,5,,,,
201604,201604_136_001_H5_G,4.3,pond,Offspring,B2_020,38,5,,,,
201604,201604_136_001_A3_G,0,pond,Offspring,B2_020,38,5,,,,
201604,201604BR376,3.34,broodstock,father,B2_018,39,1,,,,
201604,201604BR457,2.28,broodstock,mother,B2_018,39,1,,,,
201604,201604_135_001_F5_G,0,pond,Offspring,B2_018,39,1,,,,
201604,201604BR277,3.38,broodstock,father,B2_011,40,3,,,,
201604,201604BR003,3.03,broodstock,mother,B2_011,40,3,,,,
201604,201604_135_001_C2_G,4.17,pond,Offspring,B2_011,40,3,,,,
201604,201604_135_001_D12_G,4.35,pond,Offspring,B2_011,40,3,,,,
201604,201604_136_001_A7_G,0,pond,Offspring,B2_011,40,3,,,,
201602,201602BR093,1.73,broodstock,father,B3_008,41,18,,,,
201602,201602BR054,2.22,broodstock,mother,B3_008,41,18,,,,
201602,D1.PL005,NA,larval,Offspring,B3_008,41,18,,,,
201602,D1.PL006,NA,larval,Offspring,B3_008,41,18,,,,
201602,D1.PL018,NA,larval,Offspring,B3_008,41,18,,,,
201602,D1.PL026,NA,larval,Offspring,B3_008,41,18,,,,
201602,D1.PL089,NA,larval,Offspring,B3_008,41,18,,,,
201602,D1_Plate1_B11G,NA,larval,Offspring,B3_008,41,18,,,,
201602,D1_Plate1_B8G,NA,larval,Offspring,B3_008,41,18,,,,
201602,D1_Plate1_H4G,NA,larval,Offspring,B3_008,41,18,,,,
201602,RD3_PL004,NA,larval,Offspring,B3_008,41,18,,,,
201602,RD3_PL021,NA,larval,Offspring,B3_008,41,18,,,,
201602,RD3_PL032,NA,larval,Offspring,B3_008,41,18,,,,
201602,RD3_PL055,NA,larval,Offspring,B3_008,41,18,,,,
201602,RD3_PL066,NA,larval,Offspring,B3_008,41,18,,,,
201602,RD3_PL070,NA,larval,Offspring,B3_008,41,18,,,,
201602,RD4_PL052,NA,larval,Offspring,B3_008,41,18,,,,
201602,RD4_PL063,NA,larval,Offspring,B3_008,41,18,,,,
201602,RD4_PL081,NA,larval,Offspring,B3_008,41,18,,,,
201602,201602_142_005_E1_G,0,pond,Offspring,B3_008,41,18,,,,
201602,201602BR110,0,broodstock,father,B3_009,42,19,,,,
201602,201602BR054,2.22,broodstock,mother,B3_009,42,19,,,,
201602,D1.PL021,NA,larval,Offspring,B3_009,42,19,,,,
201602,D1.PL030,NA,larval,Offspring,B3_009,42,19,,,,
201602,D1.PL058,NA,larval,Offspring,B3_009,42,19,,,,
201602,D1.PL067,NA,larval,Offspring,B3_009,42,19,,,,
201602,D1.PL076,NA,larval,Offspring,B3_009,42,19,,,,
201602,D1.PL081,NA,larval,Offspring,B3_009,42,19,,,,
201602,D1_Plate1_A11G,NA,larval,Offspring,B3_009,42,19,,,,
201602,D1_Plate1_B12G,NA,larval,Offspring,B3_009,42,19,,,,
201602,D1_Plate1_D1G,NA,larval,Offspring,B3_009,42,19,,,,
201602,D1_Plate1_E9G,NA,larval,Offspring,B3_009,42,19,,,,
201602,D1_Plate1_F11G,NA,larval,Offspring,B3_009,42,19,,,,
201602,D1_Plate1_G11G,NA,larval,Offspring,B3_009,42,19,,,,
201602,D1_Plate1_H7G,NA,larval,Offspring,B3_009,42,19,,,,
201602,RD4_PL010,NA,larval,Offspring,B3_009,42,19,,,,
201602,RD4_PL062,NA,larval,Offspring,B3_009,42,19,,,,
201602,201602_141_001_G3_G,3.16,pond,Offspring,B3_009,42,19,,,,
201602,201602_141_001_A5_G,0,pond,Offspring,B3_009,42,19,,,,
201602,201602_141_001_B4_G,0,pond,Offspring,B3_009,42,19,,,,
201602,201602_141_001_E12_G,0,pond,Offspring,B3_009,42,19,,,,
201604,201604BR189,3.85,broodstock,father,B2_005,43,2,,,,
201604,201604BR085,3.97,broodstock,mother,B2_005,43,2,,,,
201604,201604_135_001_E11_G,3.59,pond,Offspring,B2_005,43,2,,,,
201604,201604_136_001_E6_G,4.06,pond,Offspring,B2_005,43,2,,,,
201604,201604BR247,3.16,broodstock,father,B2_019,44,3,,,,
201604,201604BR474,NA,broodstock,mother,B2_019,44,3,,,,
201604,201604_135_001_D9_G,3.48,pond,Offspring,B2_019,44,3,,,,
201604,201604_136_001_G11_G,6.3,pond,Offspring,B2_019,44,3,,,,
201604,201604_135_001_G6_G,0,pond,Offspring,B2_019,44,3,,,,
201602,201602BR125,NA,broodstock,father,B3_005,45,17,,,,
201602,201602BR036,2.76,broodstock,mother,B3_005,45,17,,,,
201602,RD2_040,NA,larval,Offspring,B3_005,45,17,,,,
201602,RD2_041,NA,larval,Offspring,B3_005,45,17,,,,
201602,RD2_065,NA,larval,Offspring,B3_005,45,17,,,,
201602,RD2_094,NA,larval,Offspring,B3_005,45,17,,,,
201602,RD3_PL040,NA,larval,Offspring,B3_005,45,17,,,,
201602,RD3_PL063,NA,larval,Offspring,B3_005,45,17,,,,
201602,RD3_PL071,NA,larval,Offspring,B3_005,45,17,,,,
201602,RD3_PL075,NA,larval,Offspring,B3_005,45,17,,,,
201602,RD3_PL078,NA,larval,Offspring,B3_005,45,17,,,,
201602,RD3_PL091,NA,larval,Offspring,B3_005,45,17,,,,
201602,RD3_PL093,NA,larval,Offspring,B3_005,45,17,,,,
201602,201602_141_001_C7_G,0,pond,Offspring,B3_005,45,17,,,,
201602,201602_141_001_D12_G,0,pond,Offspring,B3_005,45,17,,,,
201602,201602_141_001_E5_G,0,pond,Offspring,B3_005,45,17,,,,
201602,201602_142_005_D4_G,0,pond,Offspring,B3_005,45,17,,,,
201602,201602_142_005_E6_G,0,pond,Offspring,B3_005,45,17,,,,
201602,201602_142_005_F10_G,0,pond,Offspring,B3_005,45,17,,,,
201604,201604BR170,3.94,broodstock,father,B2_004,46,1,,,,
201604,201604BR021,3.01,broodstock,mother,B2_004,46,1,,,,
201604,201604_135_001_F4_G,0,pond,Offspring,B2_004,46,1,,,,
201602,201602BR113,NA,broodstock,father,B3_001,47,17,,,,
201602,201602BR026,0,broodstock,mother,B3_001,47,17,,,,
201602,RD2_045,NA,larval,Offspring,B3_001,47,17,,,,
201602,RD3_PL019,NA,larval,Offspring,B3_001,47,17,,,,
201602,RD3_PL023,NA,larval,Offspring,B3_001,47,17,,,,
201602,RD3_PL043,NA,larval,Offspring,B3_001,47,17,,,,
201602,RD3_PL044,NA,larval,Offspring,B3_001,47,17,,,,
201602,RD3_PL050,NA,larval,Offspring,B3_001,47,17,,,,
201602,201602_141_001_H6_G,3.14,pond,Offspring,B3_001,47,17,,,,
201602,201602_141_001_A12_G,3.15,pond,Offspring,B3_001,47,17,,,,
201602,201602_141_001_G6_G,3.17,pond,Offspring,B3_001,47,17,,,,
201602,201602_141_001_A6_G,0,pond,Offspring,B3_001,47,17,,,,
201602,201602_141_001_B10_G,0,pond,Offspring,B3_001,47,17,,,,
201602,201602_141_001_C10_G,0,pond,Offspring,B3_001,47,17,,,,
201602,201602_141_001_D3_G,0,pond,Offspring,B3_001,47,17,,,,
201602,201602_142_005_B1_G,0,pond,Offspring,B3_001,47,17,,,,
201602,201602_142_005_D5_G,0,pond,Offspring,B3_001,47,17,,,,
201602,201602_142_005_G10_G,0,pond,Offspring,B3_001,47,17,,,,
201602,201602_142_005_H1_G,0,pond,Offspring,B3_001,47,17,,,,
201602,201602BR102,3.57,broodstock,father,B3_003,48,15,,,,
201602,201602BR035,1.84,broodstock,mother,B3_003,48,15,,,,
201602,RD2_010,NA,larval,Offspring,B3_003,48,15,,,,
201602,RD2_015,NA,larval,Offspring,B3_003,48,15,,,,
201602,RD2_027,NA,larval,Offspring,B3_003,48,15,,,,
201602,RD2_053,NA,larval,Offspring,B3_003,48,15,,,,
201602,RD2_064,NA,larval,Offspring,B3_003,48,15,,,,
201602,RD3_PL001,NA,larval,Offspring,B3_003,48,15,,,,
201602,RD3_PL015,NA,larval,Offspring,B3_003,48,15,,,,
201602,RD3_PL038,NA,larval,Offspring,B3_003,48,15,,,,
201602,RD3_PL048,NA,larval,Offspring,B3_003,48,15,,,,
201602,RD3_PL054,NA,larval,Offspring,B3_003,48,15,,,,
201602,RD3_PL060,NA,larval,Offspring,B3_003,48,15,,,,
201602,RD3_PL067,NA,larval,Offspring,B3_003,48,15,,,,
201602,RD3_PL068,NA,larval,Offspring,B3_003,48,15,,,,
201602,201602_142_005_B10_G,0,pond,Offspring,B3_003,48,15,,,,
201602,201602_142_005_H11_G,0,pond,Offspring,B3_003,48,15,,,,
201602,201602BR104,0,broodstock,father,B3_015,49,11,,,,
201602,201602BR069,2.2,broodstock,mother,B3_015,49,11,,,,
201602,D1.PL007,NA,larval,Offspring,B3_015,49,11,,,,
201602,D1.PL010,NA,larval,Offspring,B3_015,49,11,,,,
201602,D1.PL042,NA,larval,Offspring,B3_015,49,11,,,,
201602,RD3_PL029,NA,larval,Offspring,B3_015,49,11,,,,
201602,RD4_PL015,NA,larval,Offspring,B3_015,49,11,,,,
201602,RD4_PL022,NA,larval,Offspring,B3_015,49,11,,,,
201602,RD4_PL028,NA,larval,Offspring,B3_015,49,11,,,,
201602,RD4_PL043,NA,larval,Offspring,B3_015,49,11,,,,
201602,RD4_PL094,NA,larval,Offspring,B3_015,49,11,,,,
201602,201602_141_001_B2_G,0,pond,Offspring,B3_015,49,11,,,,
201602,201602_141_001_E3_G,0,pond,Offspring,B3_015,49,11,,,,
201604,201602BR127,0,broodstock,father,B3_029,50,8,,,,
201604,201602BR018,NA,broodstock,mother,B3_029,50,8,,,,
201604,RD3_PL062,NA,larval,Offspring,B3_029,50,8,,,,
201604,RD3_PL088,NA,larval,Offspring,B3_029,50,8,,,,
201604,RD4_PL012,NA,larval,Offspring,B3_029,50,8,,,,
201604,RD4_PL035,NA,larval,Offspring,B3_029,50,8,,,,
201604,RD4_PL037,NA,larval,Offspring,B3_029,50,8,,,,
201604,RD4_PL040,NA,larval,Offspring,B3_029,50,8,,,,
201604,RD4_PL046,NA,larval,Offspring,B3_029,50,8,,,,
201604,201602_141_001_F8_G,0,pond,Offspring,B3_029,50,8,,,,
201604,201604BR359,4.35,broodstock,father,B2_016,51,4,,,,
201604,201604BR071,3.5,broodstock,mother,B2_016,51,4,,,,
201604,201604_135_001_A6_G,3.02,pond,Offspring,B2_016,51,4,,,,
201604,201604_136_001_A12_G,3.45,pond,Offspring,B2_016,51,4,,,,
201604,201604_136_001_F12_G,3.52,pond,Offspring,B2_016,51,4,,,,
201604,201604_135_001_C5_G,0,pond,Offspring,B2_016,51,4,,,,
201604,201604BR133,3.9,broodstock,father,B2_002,52,3,,,,
201604,201604BR062,3.06,broodstock,mother,B2_002,52,3,,,,
201604,201604_135_001_D10_G,3.07,pond,Offspring,B2_002,52,3,,,,
201604,201604_135_001_G8_G,3.27,pond,Offspring,B2_002,52,3,,,,
201604,201604_136_001_D8_G,3.99,pond,Offspring,B2_002,52,3,,,,
201604,201604BR231,3.15,broodstock,father,B2_009,53,5,,,,
201604,201604BR074,4.09,broodstock,mother,B2_009,53,5,,,,
201604,201604_135_001_A7_G,2.96,pond,Offspring,B2_009,53,5,,,,
201604,201604_135_001_E1_G,3.46,pond,Offspring,B2_009,53,5,,,,
201604,201604_135_001_C12_G,3.91,pond,Offspring,B2_009,53,5,,,,
201604,201604_136_001_B6_G,7.28,pond,Offspring,B2_009,53,5,,,,
201604,201604_135_001_D4_G,0,pond,Offspring,B2_009,53,5,,,,
201602,201602BR102,3.57,broodstock,father,B3_017,54,10,,,,
201602,201602BR075,2.43,broodstock,mother,B3_017,54,10,,,,
201602,RD2_001,NA,larval,Offspring,B3_017,54,10,,,,
201602,RD2_025,NA,larval,Offspring,B3_017,54,10,,,,
201602,RD2_056,NA,larval,Offspring,B3_017,54,10,,,,
201602,RD2_069,NA,larval,Offspring,B3_017,54,10,,,,
201602,RD2_075,NA,larval,Offspring,B3_017,54,10,,,,
201602,RD2_092,NA,larval,Offspring,B3_017,54,10,,,,
201602,201602_141_001_A11_G,0,pond,Offspring,B3_017,54,10,,,,
201602,201602_142_005_D8_G,0,pond,Offspring,B3_017,54,10,,,,
201602,201602_142_005_E7_G,0,pond,Offspring,B3_017,54,10,,,,
201602,201602_142_005_E8_G,0,pond,Offspring,B3_017,54,10,,,,
201602,201602BR109,NA,broodstock,father,B3_010,55,7,,,,
201602,201602BR055,1.63,broodstock,mother,B3_010,55,7,,,,
201602,RD3_PL026,NA,larval,Offspring,B3_010,55,7,,,,
201602,RD3_PL083,NA,larval,Offspring,B3_010,55,7,,,,
201602,RD4_PL005,NA,larval,Offspring,B3_010,55,7,,,,
201602,RD4_PL065,NA,larval,Offspring,B3_010,55,7,,,,
201602,RD4_PL074,NA,larval,Offspring,B3_010,55,7,,,,
201602,RD4_PL078,NA,larval,Offspring,B3_010,55,7,,,,
201602,RD4_PL083,NA,larval,Offspring,B3_010,55,7,,,,
201604,201604BR223,NA,broodstock,father,B2_008,56,0,,,,
201604,201604BR119,4,broodstock,mother,B2_008,56,0,,,,
201604,201604BR322,5.98,broodstock,father,B2_012,57,0,,,,
201604,201604BR427,0,broodstock,mother,B2_012,57,0,,,,
201602,201602BR105,1.39,broodstock,father,B3_014,58,9,,,,
201602,201602BR066,3.32,broodstock,mother,B3_014,58,9,,,,
201602,RD2_004,NA,larval,Offspring,B3_014,58,9,,,,
201602,RD2_013,NA,larval,Offspring,B3_014,58,9,,,,
201602,RD2_042,NA,larval,Offspring,B3_014,58,9,,,,
201602,RD2_046,NA,larval,Offspring,B3_014,58,9,,,,
201602,RD2_050,NA,larval,Offspring,B3_014,58,9,,,,
201602,RD2_084,NA,larval,Offspring,B3_014,58,9,,,,
201602,201602_141_001_H5_G,3.14,pond,Offspring,B3_014,58,9,,,,
201602,201602_141_001_A7_G,0,pond,Offspring,B3_014,58,9,,,,
201602,201602_141_001_F1_G,0,pond,Offspring,B3_014,58,9,,,,
201602,201602BR096,1.7,broodstock,father,B3_006,59,3,,,,
201602,201602BR039,2.98,broodstock,mother,B3_006,59,3,,,,
201602,RD3_PL005,NA,larval,Offspring,B3_006,59,3,,,,
201602,RD3_PL046,NA,larval,Offspring,B3_006,59,3,,,,
201602,RD3_PL082,NA,larval,Offspring,B3_006,59,3,,,,
201604,201602BR126,NA,broodstock,father,B3_023,60,5,,,,
201604,201602BR031,0,broodstock,mother,B3_023,60,5,,,,
201604,RD3_PL002,NA,larval,Offspring,B3_023,60,5,,,,
201604,201602_141_001_A4_G,0,pond,Offspring,B3_023,60,5,,,,
201604,201602_141_001_D2_G,0,pond,Offspring,B3_023,60,5,,,,
201604,201602_141_001_G5_G,0,pond,Offspring,B3_023,60,5,,,,
201604,201602_142_005_A9_G,0,pond,Offspring,B3_023,60,5,,,,
201701,,,,,,,,0,,,
201701,,,,,,,,,,,
201701,,,,,,,,,,,
201701,,,,,,,,,,,
201701,,,,,,,,,,,
201701,,,,,,,,,,,
201701,,,,,,,,,,,
201701,,,,,,,,,,,
201701,,,,,,,,,,,
201701,,,,,,,,,,,
201701,,,,,,,,,,,
201701,,,,,,,,,,,
201701,,,,,,,,,,,
201701,,,,,,,,,,,
201701,,,,,,,,,,,
201701,,,,,,,,,,,
201701,,,,,,,,,,,
201701,,,,,,,,,,,
201701,,,,,,,,,,,
201701,,,,,,,,,,,
201701,,,,,,,,,,,
201701,,,,,,,,,,,
201701,,,,,,,,,,,
201701,,,,,,,,,,,
201701,,,,,,,,,,,
201701,,,,,,,,,,,
201701,,,,,,,,,,,
201701,,,,,,,,,,,
201701,,,,,,,,,,,
201701,,,,,,,,,,,
201701,,,,,,,,,,,
201701,,,,,,,,,,,
201701,,,,,,,,,,,
201701,,,,,,,,,,,
201701,,,,,,,,,,,
201701,,,,,,,,,,,
201701,,,,,,,,,,,
201701,,,,,,,,,,,
201701,,,,,,,,,,,
201701,,,,,,,,,,,
201701,,,,,,,,,,,
201701,,,,,,,,,,,
201701,,,,,,,,,,,
201701,,,,,,,,,,,
201701,,,,,,,,,,,
201701,,,,,,,,,,,
201701,,,,,,,,,,,
201701,,,,,,,,,,,
201701,,,,,,,,,,,
201701,,,,,,,,,,,
201701,,,,,,,,,,,
201701,,,,,,,,,,,
201701,,,,,,,,,,,
201701,,,,,,,,,,,
201701,,,,,,,,,,,
201701,,,,,,,,,,,
201701,,,,,,,,,,,
201701,,,,,,,,,,,
201701,,,,,,,,,,,
201701,,,,,,,,,,,
201701,,,,,,,,,,,
201701,,,,,,,,,,,
201701,,,,,,,,,,,
201701,,,,,,,,,,,
201701,,,,,,,,,,,
201701,,,,,,,,,,,
201701,,,,,,,,,,,
201701,,,,,,,,,,,
201701,,,,,,,,,,,
201701,,,,,,,,,,,
201701,,,,,,,,,,,
201701,,,,,,,,,,,
201701,,,,,,,,,,,
201701,,,,,,,,,,,
201701,,,,,,,,,,,
201701,,,,,,,,,,,
201701,,,,,,,,,,,
201701,,,,,,,,,,,
201701,,,,,,,,,,,
201701,,,,,,,,,,,
201701,,,,,,,,,,,
201701,,,,,,,,,,,
201701,,,,,,,,,,,
201701,,,,,,,,,,,
201701,,,,,,,,,,,
201701,,,,,,,,,,,
201701,,,,,,,,,,,
201701,,,,,,,,,,,
201701,,,,,,,,,,,
201701,,,,,,,,,,,
201701,,,,,,,,,,,
201701,,,,,,,,,,,
201701,,,,,,,,,,,
201701,,,,,,,,,,,
201701,,,,,,,,,,,
201701,,,,,,,,,,,
201701,,,,,,,,,,,
201701,,,,,,,,,,,
201701,,,,,,,,,,,
201701,,,,,,,,,,,
201701,,,,,,,,,,,
201701,,,,,,,,,,,
201701,,,,,,,,,,,
201701,,,,,,,,,,,
201701,,,,,,,,,,,
201701,,,,,,,,,,,
201701,,,,,,,,,,,
201701,,,,,,,,,,,
201701,,,,,,,,,,,
201701,,,,,,,,,,,
201701,,,,,,,,,,,
201701,,,,,,,,,,,
201701,,,,,,,,,,,
201701,,,,,,,,,,,
201701,,,,,,,,,,,
201701,,,,,,,,,,,
201701,,,,,,,,,,,
201701,,,,,,,,,,,
201701,,,,,,,,,,,
201701,,,,,,,,,,,
201701,,,,,,,,,,,
201701,,,,,,,,,,,
201701,,,,,,,,,,,
201701,,,,,,,,,,,
201701,,,,,,,,,,,
201701,,,,,,,,,,,
201701,,,,,,,,,,,
201701,,,,,,,,,,,
201701,,,,,,,,,,,
201701,,,,,,,,,,,
201701,,,,,,,,,,,
201701,,,,,,,,,,,
201701,,,,,,,,,,,
201701,,,,,,,,,,,
201701,,,,,,,,,,,
201701,,,,,,,,,,,
201701,,,,,,,,,,,
201701,,,,,,,,,,,
201701,,,,,,,,,,,
201701,,,,,,,,,,,
201701,,,,,,,,,,,
201701,,,,,,,,,,,
201701,,,,,,,,,,,
201701,,,,,,,,,,,
201701,,,,,,,,,,,
201701,,,,,,,,,,,
201701,,,,,,,,,,,
201701,,,,,,,,,,,
201701,,,,,,,,,,,
201701,,,,,,,,,,,
201701,,,,,,,,,,,
201701,,,,,,,,,,,
201701,,,,,,,,,,,
201701,,,,,,,,,,,
201701,,,,,,,,,,,
201701,,,,,,,,,,,
201701,,,,,,,,,,,
201701,,,,,,,,,,,
201701,,,,,,,,,,,
201701,,,,,,,,,,,
201701,,,,,,,,,,,
201701,,,,,,,,,,,
201701,,,,,,,,,,,
201701,,,,,,,,,,,
201701,,,,,,,,,,,
201701,,,,,,,,,,,
201701,,,,,,,,,,,
201701,,,,,,,,,,,
201701,,,,,,,,,,,
201701,,,,,,,,,,,
201701,,,,,,,,,,,
201701,,,,,,,,,,,
201701,,,,,,,,,,,
201701,,,,,,,,,,,
201701,,,,,,,,,,,
201701,,,,,,,,,,,
201701,,,,,,,,,,,
201701,,,,,,,,,,,
201701,,,,,,,,,,,
201701,,,,,,,,,,,
201701,,,,,,,,,,,
201701,,,,,,,,,,,
201701,,,,,,,,,,,
201701,,,,,,,,,,,
201701,,,,,,,,,,,
201701,,,,,,,,,,,
201701,,,,,,,,,,,
201701,,,,,,,,,,,
201701,,,,,,,,,,,
201701,,,,,,,,,,,
201701,,,,,,,,,,,
201701,,,,,,,,,,,
201701,,,,,,,,,,,
201701,,,,,,,,,,,
201701,,,,,,,,,,,
201701,,,,,,,,,,,
201701,,,,,,,,,,,
201701,,,,,,,,,,,
201701,,,,,,,,,,,
201701,,,,,,,,,,,
201701,,,,,,,,,,,
201701,,,,,,,,,,,
201701,,,,,,,,,,,
201701,,,,,,,,,,,
201701,,,,,,,,,,,
201701,,,,,,,,,,,
201701,,,,,,,,,,,
201701,,,,,,,,,,,
201701,,,,,,,,,,,
201701,,,,,,,,,,,
201701,,,,,,,,,,,
201701,,,,,,,,,,,
201701,,,,,,,,,,,
201701,,,,,,,,,,,
201701,,,,,,,,,,,
201701,,,,,,,,,,,
201701,,,,,,,,,,,
201701,,,,,,,,,,,
201701,,,,,,,,,,,
201701,,,,,,,,,,,
201701,,,,,,,,,,,
201701,,,,,,,,,,,
201701,,,,,,,,,,,
201701,,,,,,,,,,,
201701,,,,,,,,,,,
201701,,,,,,,,,,,
201701,,,,,,,,,,,
201701,,,,,,,,,,,
201701,,,,,,,,,,,
201701,,,,,,,,,,,
201701,,,,,,,,,,,
201701,,,,,,,,,,,
201701,,,,,,,,,,,
201701,,,,,,,,,,,
201701,,,,,,,,,,,
201701,,,,,,,,,,,
201701,,,,,,,,,,,
201701,,,,,,,,,,,
201701,,,,,,,,,,,
201701,,,,,,,,,,,
201701,,,,,,,,,,,
201701,,,,,,,,,,,
201701,,,,,,,,,,,
201701,,,,,,,,,,,
201701,,,,,,,,,,,
201701,,,,,,,,,,,
201701,,,,,,,,,,,
201701,,,,,,,,,,,
201701,,,,,,,,,,,
201701,,,,,,,,,,,
201701,,,,,,,,,,,
201701,,,,,,,,,,,
201701,,,,,,,,,,,
201701,,,,,,,,,,,
201701,,,,,,,,,,,
201701,,,,,,,,,,,
201701,,,,,,,,,,,
201701,,,,,,,,,,,
201701,,,,,,,,,,,
201701,,,,,,,,,,,
201701,,,,,,,,,,,
201701,,,,,,,,,,,
201701,,,,,,,,,,,
201701,,,,,,,,,,,
201701,,,,,,,,,,,
201701,,,,,,,,,,,
201701,,,,,,,,,,,
201701,,,,,,,,,,,
201701,,,,,,,,,,,
201701,,,,,,,,,,,
201701,,,,,,,,,,,
201701,,,,,,,,,,,
201701,,,,,,,,,,,
201701,,,,,,,,,,,
201701,,,,,,,,,,,
201701,,,,,,,,,,,
201701,,,,,,,,,,,
201701,,,,,,,,,,,
201701,,,,,,,,,,,
201701,,,,,,,,,,,
201701,,,,,,,,,,,
201701,,,,,,,,,,,
201701,,,,,,,,,,,
201701,,,,,,,,,,,
201701,,,,,,,,,,,
201701,,,,,,,,,,,
201701,,,,,,,,,,,
201701,,,,,,,,,,,
201701,,,,,,,,,,,
201701,,,,,,,,,,,
201701,,,,,,,,,,,
201701,,,,,,,,,,,
201701,,,,,,,,,,,
201701,,,,,,,,,,,
201701,,,,,,,,,,,
201701,,,,,,,,,,,
201701,,,,,,,,,,,
201701,,,,,,,,,,,
201701,,,,,,,,,,,
201701,,,,,,,,,,,
201701,,,,,,,,,,,
201701,,,,,,,,,,,
201701,,,,,,,,,,,
201701,,,,,,,,,,,
201701,,,,,,,,,,,
201701,,,,,,,,,,,
201701,,,,,,,,,,,
201701,,,,,,,,,,,
201701,,,,,,,,,,,
201701,,,,,,,,,,,
201701,,,,,,,,,,,
201701,,,,,,,,,,,
201701,,,,,,,,,,,
201701,,,,,,,,,,,
201701,,,,,,,,,,,
201701,,,,,,,,,,,
201701,,,,,,,,,,,
201701,,,,,,,,,,,
201701,,,,,,,,,,,
201701,,,,,,,,,,,
201701,,,,,,,,,,,
201701,,,,,,,,,,,
201701,,,,,,,,,,,
201701,,,,,,,,,,,
201701,,,,,,,,,,,
201701,,,,,,,,,,,
201701,,,,,,,,,,,
201701,,,,,,,,,,,
201701,,,,,,,,,,,
201701,,,,,,,,,,,
201701,,,,,,,,,,,
201701,,,,,,,,,,,
201701,,,,,,,,,,,
201701,,,,,,,,,,,
201701,,,,,,,,,,,
201701,,,,,,,,,,,
201701,,,,,,,,,,,
201701,,,,,,,,,,,
201701,,,,,,,,,,,
201701,,,,,,,,,,,
201701,,,,,,,,,,,
201701,,,,,,,,,,,
201701,,,,,,,,,,,
201701,,,,,,,,,,,
201701,,,,,,,,,,,
201701,,,,,,,,,,,
201701,,,,,,,,,,,
201701,,,,,,,,,,,
201701,,,,,,,,,,,
201701,,,,,,,,,,,
201701,,,,,,,,,,,
201701,,,,,,,,,,,
201701,,,,,,,,,,,
201701,,,,,,,,,,,
201701,,,,,,,,,,,
201701,,,,,,,,,,,
201701,,,,,,,,,,,
201701,,,,,,,,,,,
201701,,,,,,,,,,,
201701,,,,,,,,,,,
201701,,,,,,,,,,,
201701,,,,,,,,,,,
201701,,,,,,,,,,,
201701,,,,,,,,,,,
201701,,,,,,,,,,,
201701,,,,,,,,,,,
201701,,,,,,,,,,,
201701,,,,,,,,,,,
201701,,,,,,,,,,,
201701,,,,,,,,,,,
201701,,,,,,,,,,,
201701,,,,,,,,,,,
201701,,,,,,,,,,,
201701,,,,,,,,,,,
201701,,,,,,,,,,,
201701,,,,,,,,,,,
201701,,,,,,,,,,,
201701,,,,,,,,,,,
201701,,,,,,,,,,,
201701,,,,,,,,,,,
201701,,,,,,,,,,,
201701,,,,,,,,,,,
201701,,,,,,,,,,,
201701,,,,,,,,,,,
201701,,,,,,,,,,,
201701,,,,,,,,,,,
201701,,,,,,,,,,,
201701,,,,,,,,,,,
201701,,,,,,,,,,,
201701,,,,,,,,,,,
201701,,,,,,,,,,,
201701,,,,,,,,,,,
201701,,,,,,,,,,,
201701,,,,,,,,,,,
201701,,,,,,,,,,,
201701,,,,,,,,,,,
201701,,,,,,,,,,,
201701,,,,,,,,,,,
201701,,,,,,,,,,,
201701,,,,,,,,,,,
201701,,,,,,,,,,,
201701,,,,,,,,,,,
201701,,,,,,,,,,,
201701,,,,,,,,,,,
201701,,,,,,,,,,,
201701,,,,,,,,,,,
201701,,,,,,,,,,,
201701,,,,,,,,,,,
201701,,,,,,,,,,,
201701,,,,,,,,,,,
201701,,,,,,,,,,,
201701,,,,,,,,,,,
201701,,,,,,,,,,,
201701,,,,,,,,,,,
201701,,,,,,,,,,,
201701,,,,,,,,,,,
201701,,,,,,,,,,,
201701,,,,,,,,,,,
201701,,,,,,,,,,,
201701,,,,,,,,,,,
201701,,,,,,,,,,,
201701,,,,,,,,,,,
201701,,,,,,,,,,,
201701,,,,,,,,,,,
201701,,,,,,,,,,,
201701,,,,,,,,,,,
201701,,,,,,,,,,,
201701,,,,,,,,,,,
201701,,,,,,,,,,,
201701,,,,,,,,,,,
201701,,,,,,,,,,,
201701,,,,,,,,,,,
201701,,,,,,,,,,,
201701,,,,,,,,,,,
201701,,,,,,,,,,,
201701,,,,,,,,,,,
201701,,,,,,,,,,,
201701,,,,,,,,,,,
201701,,,,,,,,,,,
201701,,,,,,,,,,,
201701,,,,,,,,,,,
201701,,,,,,,,,,,
201701,,,,,,,,,,,
201701,,,,,,,,,,,
201701,,,,,,,,,,,
201701,,,,,,,,,,,
201701,,,,,,,,,,,
201701,,,,,,,,,,,
201701,,,,,,,,,,,
201701,,,,,,,,,,,
201701,,,,,,,,,,,
201701,,,,,,,,,,,
201701,,,,,,,,,,,
201701,,,,,,,,,,,
201701,,,,,,,,,,,
201701,,,,,,,,,,,
201701,,,,,,,,,,,
201701,,,,,,,,,,,
201701,,,,,,,,,,,
201701,,,,,,,,,,,
201701,,,,,,,,,,,
201701,,,,,,,,,,,
201701,,,,,,,,,,,
201701,,,,,,,,,,,
201701,,,,,,,,,,,
201701,,,,,,,,,,,
201701,,,,,,,,,,,
201701,,,,,,,,,,,
201701,,,,,,,,,,,
201701,,,,,,,,,,,
201701,,,,,,,,,,,
201701,,,,,,,,,,,
201701,,,,,,,,,,,
201701,,,,,,,,,,,
201701,,,,,,,,,,,
201701,,,,,,,,,,,
201701,,,,,,,,,,,
201701,,,,,,,,,,,
201701,,,,,,,,,,,
201701,,,,,,,,,,,
201701,,,,,,,,,,,
201701,,,,,,,,,,,
201701,,,,,,,,,,,
201701,,,,,,,,,,,
201701,,,,,,,,,,,
201701,,,,,,,,,,,
201701,,,,,,,,,,,
201701,,,,,,,,,,,
201701,,,,,,,,,,,
201701,,,,,,,,,,,
201701,,,,,,,,,,,
201701,,,,,,,,,,,
201701,,,,,,,,,,,
201701,,,,,,,,,,,
201701,,,,,,,,,,,
201701,,,,,,,,,,,
201701,,,,,,,,,,,
201701,,,,,,,,,,,
201701,,,,,,,,,,,
201701,,,,,,,,,,,
201701,,,,,,,,,,,
201701,,,,,,,,,,,
201701,,,,,,,,,,,
201701,,,,,,,,,,,
201701,,,,,,,,,,,
201701,,,,,,,,,,,
201701,,,,,,,,,,,
201701,,,,,,,,,,,
201701,,,,,,,,,,,
201701,,,,,,,,,,,
201701,,,,,,,,,,,
201701,,,,,,,,,,,
201701,,,,,,,,,,,
201701,,,,,,,,,,,
201701,,,,,,,,,,,
201701,,,,,,,,,,,
201701,,,,,,,,,,,
201701,,,,,,,,,,,
201701,,,,,,,,,,,
201701,,,,,,,,,,,
201701,,,,,,,,,,,
201701,,,,,,,,,,,
201701,,,,,,,,,,,
201701,,,,,,,,,,,
201701,,,,,,,,,,,
201701,,,,,,,,,,,
201701,,,,,,,,,,,
201701,,,,,,,,,,,
201701,,,,,,,,,,,
201701,,,,,,,,,,,
201701,,,,,,,,,,,
201701,,,,,,,,,,,
201701,,,,,,,,,,,
201701,,,,,,,,,,,
201701,,,,,,,,,,,
201701,,,,,,,,,,,
201701,,,,,,,,,,,
201701,,,,,,,,,,,
201701,,,,,,,,,,,
201701,,,,,,,,,,,
201701,,,,,,,,,,,
201701,,,,,,,,,,,
201701,,,,,,,,,,,
201701,,,,,,,,,,,
201701,,,,,,,,,,,
201701,,,,,,,,,,,
201701,,,,,,,,,,,
201701,,,,,,,,,,,
201701,,,,,,,,,,,
201701,,,,,,,,,,,
201701,,,,,,,,,,,
201701,,,,,,,,,,,
201701,,,,,,,,,,,
201701,,,,,,,,,,,
201701,,,,,,,,,,,
201701,,,,,,,,,,,
201701,,,,,,,,,,,
201701,,,,,,,,,,,
201701,,,,,,,,,,,
201701,,,,,,,,,,,
201701,,,,,,,,,,,
201701,,,,,,,,,,,
201701,,,,,,,,,,,
201701,,,,,,,,,,,
201701,,,,,,,,,,,
201701,,,,,,,,,,,
201701,,,,,,,,,,,
201701,,,,,,,,,,,
201701,,,,,,,,,,,
201701,,,,,,,,,,,
201701,,,,,,,,,,,
201701,,,,,,,,,,,
201701,,,,,,,,,,,
201701,,,,,,,,,,,
201701,,,,,,,,,,,
201701,,,,,,,,,,,
201701,,,,,,,,,,,
201701,,,,,,,,,,,
201701,,,,,,,,,,,
201701,,,,,,,,,,,
201701,,,,,,,,,,,
201701,,,,,,,,,,,
201701,,,,,,,,,,,
201701,,,,,,,,,,,
201701,,,,,,,,,,,
201701,,,,,,,,,,,
201701,,,,,,,,,,,
201701,,,,,,,,,,,
201701,,,,,,,,,,,
201701,,,,,,,,,,,
201701,,,,,,,,,,,
201701,,,,,,,,,,,
201701,,,,,,,,,,,
201701,,,,,,,,,,,
201701,,,,,,,,,,,
201701,,,,,,,,,,,
201701,,,,,,,,,,,
201701,,,,,,,,,,,
201701,,,,,,,,,,,
201701,,,,,,,,,,,
201701,,,,,,,,,,,
201701,,,,,,,,,,,
201701,,,,,,,,,,,
201701,,,,,,,,,,,
201701,,,,,,,,,,,
201701,,,,,,,,,,,
201701,,,,,,,,,,,
201701,,,,,,,,,,,
201701,,,,,,,,,,,
201701,,,,,,,,,,,
201701,,,,,,,,,,,
201701,,,,,,,,,,,
201701,,,,,,,,,,,
201701,,,,,,,,,,,
201701,,,,,,,,,,,
201701,,,,,,,,,,,
201701,,,,,,,,,,,
201701,,,,,,,,,,,
201701,,,,,,,,,,,
201701,,,,,,,,,,,
201701,,,,,,,,,,,
201701,,,,,,,,,,,
201701,,,,,,,,,,,
201701,,,,,,,,,,,
201701,,,,,,,,,,,
201701,,,,,,,,,,,
201701,,,,,,,,,,,
201701,,,,,,,,,,,
201701,,,,,,,,,,,
201701,,,,,,,,,,,
201701,,,,,,,,,,,
201701,,,,,,,,,,,
201701,,,,,,,,,,,
201701,,,,,,,,,,,
201701,,,,,,,,,,,
201701,,,,,,,,,,,
201701,,,,,,,,,,,
201701,,,,,,,,,,,
201701,,,,,,,,,,,
201701,,,,,,,,,,,
201701,,,,,,,,,,,
201701,,,,,,,,,,,
201701,,,,,,,,,,,
201701,,,,,,,,,,,
201701,,,,,,,,,,,
201701,,,,,,,,,,,
201701,,,,,,,,,,,
201701,,,,,,,,,,,
201701,,,,,,,,,,,
201701,,,,,,,,,,,
201701,,,,,,,,,,,
201701,,,,,,,,,,,
201701,,,,,,,,,,,
201701,,,,,,,,,,,
201701,,,,,,,,,,,
201701,,,,,,,,,,,
201701,,,,,,,,,,,
201701,,,,,,,,,,,
201701,,,,,,,,,,,
201701,,,,,,,,,,,
201701,,,,,,,,,,,
201701,,,,,,,,,,,
201701,,,,,,,,,,,
201701,,,,,,,,,,,
201701,,,,,,,,,,,
201701,,,,,,,,,,,
201701,,,,,,,,,,,
201701,,,,,,,,,,,
201701,,,,,,,,,,,
201701,,,,,,,,,,,
201701,,,,,,,,,,,
201701,,,,,,,,,,,
201701,,,,,,,,,,,
201701,,,,,,,,,,,
201701,,,,,,,,,,,
201701,,,,,,,,,,,
201701,,,,,,,,,,,
201701,,,,,,,,,,,
201701,,,,,,,,,,,
201701,,,,,,,,,,,
201701,,,,,,,,,,,
201701,,,,,,,,,,,
201701,,,,,,,,,,,
201701,,,,,,,,,,,
201701,,,,,,,,,,,
201701,,,,,,,,,,,
201701,,,,,,,,,,,
201701,,,,,,,,,,,
201701,,,,,,,,,,,
201701,,,,,,,,,,,
201701,,,,,,,,,,,
201701,,,,,,,,,,,
201701,,,,,,,,,,,
201701,,,,,,,,,,,
201701,,,,,,,,,,,
201701,,,,,,,,,,,
201701,,,,,,,,,,,
201701,,,,,,,,,,,
201701,,,,,,,,,,,
201701,,,,,,,,,,,
201701,,,,,,,,,,,
201701,,,,,,,,,,,
201701,,,,,,,,,,,
201701,,,,,,,,,,,
201701,,,,,,,,,,,
201701,,,,,,,,,,,
201701,,,,,,,,,,,
201701,,,,,,,,,,,
201701,,,,,,,,,,,
201701,,,,,,,,,,,
201701,,,,,,,,,,,
201701,,,,,,,,,,,
201701,,,,,,,,,,,
201701,,,,,,,,,,,
201701,,,,,,,,,,,
201701,,,,,,,,,,,
201701,,,,,,,,,,,
201701,,,,,,,,,,,
201701,,,,,,,,,,,
201701,,,,,,,,,,,
201701,,,,,,,,,,,
201701,,,,,,,,,,,
201701,,,,,,,,,,,
201701,,,,,,,,,,,
201701,,,,,,,,,,,
201701,,,,,,,,,,,
201701,,,,,,,,,,,
201701,,,,,,,,,,,
201701,,,,,,,,,,,
201701,,,,,,,,,,,
201701,,,,,,,,,,,
201701,,,,,,,,,,,
201701,,,,,,,,,,,
201701,,,,,,,,,,,
201701,,,,,,,,,,,
201701,,,,,,,,,,,
201701,,,,,,,,,,,
201701,,,,,,,,,,,
201701,,,,,,,,,,,
201701,,,,,,,,,,,
201701,,,,,,,,,,,
201701,,,,,,,,,,,
201701,,,,,,,,,,,
201701,,,,,,,,,,,
201701,,,,,,,,,,,
201701,,,,,,,,,,,
201701,,,,,,,,,,,
201701,,,,,,,,,,,
201701,,,,,,,,,,,
201701,,,,,,,,,,,
201701,,,,,,,,,,,
201701,,,,,,,,,,,
201701,,,,,,,,,,,
201701,,,,,,,,,,,
201701,,,,,,,,,,,
201701,,,,,,,,,,,
201701,,,,,,,,,,,
201701,,,,,,,,,,,
201701,,,,,,,,,,,
201701,,,,,,,,,,,
201701,,,,,,,,,,,
201701,,,,,,,,,,,
201701,,,,,,,,,,,
201701,,,,,,,,,,,
201701,,,,,,,,,,,
201701,,,,,,,,,,,
201701,,,,,,,,,,,
201701,,,,,,,,,,,
201701,,,,,,,,,,,
201701,,,,,,,,,,,
201701,,,,,,,,,,,
201701,,,,,,,,,,,
201701,,,,,,,,,,,
201701,,,,,,,,,,,
201701,,,,,,,,,,,
201701,,,,,,,,,,,
201701,,,,,,,,,,,
201701,,,,,,,,,,,
201701,,,,,,,,,,,
201701,,,,,,,,,,,
201701,,,,,,,,,,,
201701,,,,,,,,,,,
201701,,,,,,,,,,,
201701,,,,,,,,,,,
201701,,,,,,,,,,,
201701,,,,,,,,,,,
201701,,,,,,,,,,,
201701,,,,,,,,,,,
201701,,,,,,,,,,,
201701,,,,,,,,,,,
201701,,,,,,,,,,,
201701,,,,,,,,,,,
201701,,,,,,,,,,,
201701,,,,,,,,,,,
201701,,,,,,,,,,,
201701,,,,,,,,,,,
201701,,,,,,,,,,,
201701,,,,,,,,,,,
201701,,,,,,,,,,,
201701,,,,,,,,,,,
201701,,,,,,,,,,,
201701,,,,,,,,,,,
201701,,,,,,,,,,,
201701,,,,,,,,,,,
201701,,,,,,,,,,,
201701,,,,,,,,,,,
201701,,,,,,,,,,,
201701,,,,,,,,,,,
201701,,,,,,,,,,,
201701,,,,,,,,,,,
201701,,,,,,,,,,,
201701,,,,,,,,,,,
201701,,,,,,,,,,,
201701,,,,,,,,,,,
201701,,,,,,,,,,,
201701,,,,,,,,,,,
201701,,,,,,,,,,,
201701,,,,,,,,,,,
201701,,,,,,,,,,,
201701,,,,,,,,,,,
201701,,,,,,,,,,,
201701,,,,,,,,,,,
201701,,,,,,,,,,,
201701,,,,,,,,,,,
201701,,,,,,,,,,,
201701,,,,,,,,,,,
201701,,,,,,,,,,,
201701,,,,,,,,,,,
201701,,,,,,,,,,,
201701,,,,,,,,,,,
201701,,,,,,,,,,,
201701,,,,,,,,,,,
201701,,,,,,,,,,,
201701,,,,,,,,,,,
201701,,,,,,,,,,,
201701,,,,,,,,,,,
201701,,,,,,,,,,,
201701,,,,,,,,,,,
201701,,,,,,,,,,,
201701,,,,,,,,,,,
201701,,,,,,,,,,,
201701,,,,,,,,,,,
201701,,,,,,,,,,,
201701,,,,,,,,,,,
201701,,,,,,,,,,,
201701,,,,,,,,,,,
201701,,,,,,,,,,,
201701,,,,,,,,,,,
201701,,,,,,,,,,,
201701,,,,,,,,,,,
201701,,,,,,,,,,,
201701,,,,,,,,,,,
201701,,,,,,,,,,,
201701,,,,,,,,,,,
201701,,,,,,,,,,,
201701,,,,,,,,,,,
201701,,,,,,,,,,,
201701,,,,,,,,,,,
201701,,,,,,,,,,,
201701,,,,,,,,,,,
201701,,,,,,,,,,,
201701,,,,,,,,,,,
201701,,,,,,,,,,,
201701,,,,,,,,,,,
201701,,,,,,,,,,,
201701,,,,,,,,,,,
201701,,,,,,,,,,,
201701,,,,,,,,,,,
201701,,,,,,,,,,,
201701,,,,,,,,,,,
201701,,,,,,,,,,,
201701,,,,,,,,,,,
201701,,,,,,,,,,,
201701,,,,,,,,,,,
201701,,,,,,,,,,,
201701,,,,,,,,,,,
201701,,,,,,,,,,,
201701,,,,,,,,,,,
201701,,,,,,,,,,,
201701,,,,,,,,,,,
201701,,,,,,,,,,,
201701,,,,,,,,,,,
201701,,,,,,,,,,,
201701,,,,,,,,,,,
201701,,,,,,,,,,,
201701,,,,,,,,,,,
201701,,,,,,,,,,,
201701,,,,,,,,,,,
201701,,,,,,,,,,,
201701,,,,,,,,,,,
201701,,,,,,,,,,,
201701,,,,,,,,,,,
201701,,,,,,,,,,,
201701,,,,,,,,,,,
201701,,,,,,,,,,,
201701,,,,,,,,,,,
201701,,,,,,,,,,,
201701,,,,,,,,,,,
201701,,,,,,,,,,,
201701,,,,,,,,,,,
201701,,,,,,,,,,,
201701,,,,,,,,,,,
201701,,,,,,,,,,,
201701,,,,,,,,,,,
201701,,,,,,,,,,,
201701,,,,,,,,,,,
201701,,,,,,,,,,,
201701,,,,,,,,,,,
201701,,,,,,,,,,,
201701,,,,,,,,,,,
201701,,,,,,,,,,,
201701,,,,,,,,,,,
201701,,,,,,,,,,,
201701,,,,,,,,,,,
201701,,,,,,,,,,,
201701,,,,,,,,,,,
201701,,,,,,,,,,,
201701,,,,,,,,,,,
201701,,,,,,,,,,,
201701,,,,,,,,,,,
201701,,,,,,,,,,,
201701,,,,,,,,,,,
201701,,,,,,,,,,,
201701,,,,,,,,,,,
201701,,,,,,,,,,,
201701,,,,,,,,,,,
201701,,,,,,,,,,,
201701,,,,,,,,,,,
201701,,,,,,,,,,,
201701,,,,,,,,,,,
201701,,,,,,,,,,,
201701,,,,,,,,,,,
201701,,,,,,,,,,,
201701,,,,,,,,,,,
201701,,,,,,,,,,,
201701,,,,,,,,,,,
201701,,,,,,,,,,,
201701,,,,,,,,,,,
201701,,,,,,,,,,,
201701,,,,,,,,,,,
201701,,,,,,,,,,,
201701,,,,,,,,,,,
201701,,,,,,,,,,,
201701,,,,,,,,,,,
201701,,,,,,,,,,,
201701,,,,,,,,,,,
201701,,,,,,,,,,,
201701,,,,,,,,,,,
201701,,,,,,,,,,,
201701,,,,,,,,,,,
201701,,,,,,,,,,,
201701,,,,,,,,,,,
201701,,,,,,,,,,,
201701,,,,,,,,,,,
201701,,,,,,,,,,,
201701,,,,,,,,,,,
201701,,,,,,,,,,,
201701,,,,,,,,,,,
201701,,,,,,,,,,,
201701,,,,,,,,,,,
201701,,,,,,,,,,,
201701,,,,,,,,,,,
201701,,,,,,,,,,,
201701,,,,,,,,,,,
201701,,,,,,,,,,,
201701,,,,,,,,,,,
201701,,,,,,,,,,,
201701,,,,,,,,,,,
201701,,,,,,,,,,,
201701,,,,,,,,,,,
201701,,,,,,,,,,,
201701,,,,,,,,,,,
201701,,,,,,,,,,,
201701,,,,,,,,,,,
201701,,,,,,,,,,,
201701,,,,,,,,,,,
201701,,,,,,,,,,,
201701,,,,,,,,,,,
201701,,,,,,,,,,,
201701,,,,,,,,,,,
201701,,,,,,,,,,,
201701,,,,,,,,,,,
201701,,,,,,,,,,,
201701,,,,,,,,,,,
201701,,,,,,,,,,,
201701,,,,,,,,,,,
201701,,,,,,,,,,,
201701,,,,,,,,,,,
201701,,,,,,,,,,,
201701,,,,,,,,,,,
201701,,,,,,,,,,,
201701,,,,,,,,,,,
201701,,,,,,,,,,,
201701,,,,,,,,,,,
201701,,,,,,,,,,,
201701,,,,,,,,,,,
201701,,,,,,,,,,,
201701,,,,,,,,,,,
201701,,,,,,,,,,,
201701,,,,,,,,,,,
201701,,,,,,,,,,,
201701,,,,,,,,,,,
201701,,,,,,,,,,,
201701,,,,,,,,,,,
201701,,,,,,,,,,,
201701,,,,,,,,,,,
201701,,,,,,,,,,,
201701,,,,,,,,,,,
201701,,,,,,,,,,,
201701,,,,,,,,,,,
201701,,,,,,,,,,,
201701,,,,,,,,,,,
201701,,,,,,,,,,,
201701,,,,,,,,,,,
201701,,,,,,,,,,,
201701,,,,,,,,,,,
201701,,,,,,,,,,,
201701,,,,,,,,,,,
201701,,,,,,,,,,,
201701,,,,,,,,,,,
201701,,,,,,,,,,,
201701,,,,,,,,,,,
201701,,,,,,,,,,,
201701,,,,,,,,,,,
201701,,,,,,,,,,,
201701,,,,,,,,,,,
201701,,,,,,,,,,,
201701,,,,,,,,,,,
201701,,,,,,,,,,,
201701,,,,,,,,,,,
201701,,,,,,,,,,,
201701,,,,,,,,,,,
201701,,,,,,,,,,,
201701,,,,,,,,,,,
201701,,,,,,,,,,,
201701,,,,,,,,,,,
201701,,,,,,,,,,,
201701,,,,,,,,,,,
201701,,,,,,,,,,,
201701,,,,,,,,,,,
201701,,,,,,,,,,,
201701,,,,,,,,,,,
201701,,,,,,,,,,,
201701,,,,,,,,,,,
201701,,,,,,,,,,,
201701,,,,,,,,,,,
201701,,,,,,,,,,,
201701,,,,,,,,,,,
201701,,,,,,,,,,,
201701,,,,,,,,,,,
201701,,,,,,,,,,,
201701,,,,,,,,,,,
201701,,,,,,,,,,,
201701,,,,,,,,,,,
201701,,,,,,,,,,,
201701,,,,,,,,,,,
201701,,,,,,,,,,,
201701,,,,,,,,,,,
201701,,,,,,,,,,,
201701,,,,,,,,,,,
201701,,,,,,,,,,,
201701,,,,,,,,,,,
201701,,,,,,,,,,,
201701,,,,,,,,,,,
201701,,,,,,,,,,,
201701,,,,,,,,,,,
201701,,,,,,,,,,,
201701,,,,,,,,,,,
201701,,,,,,,,,,,
201701,,,,,,,,,,,
201701,,,,,,,,,,,
201701,,,,,,,,,,,
201701,,,,,,,,,,,
201701,,,,,,,,,,,
201701,,,,,,,,,,,
201701,,,,,,,,,,,
201701,,,,,,,,,,,
201701,,,,,,,,,,,
201701,,,,,,,,,,,
201701,,,,,,,,,,,
201701,,,,,,,,,,,
201701,,,,,,,,,,,
201701,,,,,,,,,,,
201701,,,,,,,,,,,
201701,,,,,,,,,,,
201701,,,,,,,,,,,
201701,,,,,,,,,,,
201701,,,,,,,,,,,
201701,,,,,,,,,,,
201701,,,,,,,,,,,
201701,,,,,,,,,,,
201701,,,,,,,,,,,
201701,,,,,,,,,,,
201701,,,,,,,,,,,
201701,,,,,,,,,,,
201701,,,,,,,,,,,
201701,,,,,,,,,,,
201701,,,,,,,,,,,
201701,,,,,,,,,,,
201701,,,,,,,,,,,
201701,,,,,,,,,,,
201701,,,,,,,,,,,
201701,,,,,,,,,,,
201701,,,,,,,,,,,
201701,,,,,,,,,,,
201701,,,,,,,,,,,
201701,,,,,,,,,,,
201701,,,,,,,,,,,
201701,,,,,,,,,,,
201701,,,,,,,,,,,
201701,,,,,,,,,,,
201701,,,,,,,,,,,
201701,,,,,,,,,,,
201701,,,,,,,,,,,
201701,,,,,,,,,,,
201701,,,,,,,,,,,
201701,,,,,,,,,,,
201701,,,,,,,,,,,
201701,,,,,,,,,,,
201701,,,,,,,,,,,
201701,,,,,,,,,,,
201701,,,,,,,,,,,
201701,,,,,,,,,,,
201701,,,,,,,,,,,
201701,,,,,,,,,,,
201701,,,,,,,,,,,
201701,,,,,,,,,,,
201701,,,,,,,,,,,
201701,,,,,,,,,,,
201701,,,,,,,,,,,
201701,,,,,,,,,,,
201701,,,,,,,,,,,
201701,,,,,,,,,,,
201701,,,,,,,,,,,
201701,,,,,,,,,,,
201701,,,,,,,,,,,
201701,,,,,,,,,,,
201701,,,,,,,,,,,
201701,,,,,,,,,,,
201701,,,,,,,,,,,
201701,,,,,,,,,,,
201701,,,,,,,,,,,
201701,,,,,,,,,,,
201701,,,,,,,,,,,
201701,,,,,,,,,,,
201701,,,,,,,,,,,
201701,,,,,,,,,,,
201701,,,,,,,,,,,
201701,,,,,,,,,,,
201701,,,,,,,,,,,
201701,,,,,,,,,,,
201701,,,,,,,,,,,
201701,,,,,,,,,,,
201701,,,,,,,,,,,
201701,,,,,,,,,,,
201701,,,,,,,,,,,
201701,,,,,,,,,,,
201701,,,,,,,,,,,
201701,,,,,,,,,,,
201701,,,,,,,,,,,
201701,,,,,,,,,,,
201701,,,,,,,,,,,
201701,,,,,,,,,,,
201701,,,,,,,,,,,
201701,,,,,,,,,,,
201701,,,,,,,,,,,
201701,,,,,,,,,,,
201701,,,,,,,,,,,
201701,,,,,,,,,,,
201701,,,,,,,,,,,
201701,,,,,,,,,,,
201701,,,,,,,,,,,
201701,,,,,,,,,,,
201701,,,,,,,,,,,
201701,,,,,,,,,,,
201701,,,,,,,,,,,
201701,,,,,,,,,,,
201701,,,,,,,,,,,
201701,,,,,,,,,,,
201701,,,,,,,,,,,
201701,,,,,,,,,,,
201701,,,,,,,,,,,
201701,,,,,,,,,,,
201701,,,,,,,,,,,
201701,,,,,,,,,,,
201701,,,,,,,,,,,
201701,,,,,,,,,,,
201701,,,,,,,,,,,
201701,,,,,,,,,,,
201701,,,,,,,,,,,
201701,,,,,,,,,,,
201701,,,,,,,,,,,
201701,,,,,,,,,,,
201701,,,,,,,,,,,
201701,,,,,,,,,,,
201701,,,,,,,,,,,
201701,,,,,,,,,,,
201701,,,,,,,,,,,
201701,,,,,,,,,,,
201701,,,,,,,,,,,
201701,,,,,,,,,,,
201701,,,,,,,,,,,
201701,,,,,,,,,,,
201701,,,,,,,,,,,
201701,,,,,,,,,,,
201701,,,,,,,,,,,
201701,,,,,,,,,,,
201701,,,,,,,,,,,
201701,,,,,,,,,,,
201701,,,,,,,,,,,
201701,,,,,,,,,,,
201701,,,,,,,,,,,
201701,,,,,,,,,,,
201701,,,,,,,,,,,
201701,,,,,,,,,,,
201701,,,,,,,,,,,
201701,,,,,,,,,,,
201701,,,,,,,,,,,
201701,,,,,,,,,,,
201701,,,,,,,,,,,
201701,,,,,,,,,,,
201701,,,,,,,,,,,
201701,,,,,,,,,,,
201701,,,,,,,,,,,
201701,,,,,,,,,,,
201701,,,,,,,,,,,
201701,,,,,,,,,,,
201701,,,,,,,,,,,
201701,,,,,,,,,,,
201701,,,,,,,,,,,
201701,,,,,,,,,,,
201701,,,,,,,,,,,
201701,,,,,,,,,,,
201701,,,,,,,,,,,
201701,,,,,,,,,,,
201701,,,,,,,,,,,
201701,,,,,,,,,,,
201701,,,,,,,,,,,
201701,,,,,,,,,,,
201701,,,,,,,,,,,
201701,,,,,,,,,,,
201701,,,,,,,,,,,
201701,,,,,,,,,,,
201701,,,,,,,,,,,
201701,,,,,,,,,,,
201701,,,,,,,,,,,
201701,,,,,,,,,,,
201701,,,,,,,,,,,
201701,,,,,,,,,,,
201701,,,,,,,,,,,
201701,,,,,,,,,,,
201701,,,,,,,,,,,
201701,,,,,,,,,,,
201701,,,,,,,,,,,
201701,,,,,,,,,,,
201701,,,,,,,,,,,
201701,,,,,,,,,,,
201701,,,,,,,,,,,
201701,,,,,,,,,,,
201701,,,,,,,,,,,
201701,,,,,,,,,,,
201701,,,,,,,,,,,
201701,,,,,,,,,,,
201701,,,,,,,,,,,
201701,,,,,,,,,,,
201701,,,,,,,,,,,
201701,,,,,,,,,,,
201701,,,,,,,,,,,
201701,,,,,,,,,,,
201701,,,,,,,,,,,
201701,,,,,,,,,,,
201701,,,,,,,,,,,
201701,,,,,,,,,,,
201701,,,,,,,,,,,
201701,,,,,,,,,,,
201701,,,,,,,,,,,
201701,,,,,,,,,,,
201701,,,,,,,,,,,
201701,,,,,,,,,,,
201701,,,,,,,,,,,
201701,,,,,,,,,,,
201701,,,,,,,,,,,
201701,,,,,,,,,,,
201701,,,,,,,,,,,
201701,,,,,,,,,,,
201701,,,,,,,,,,,
201701,,,,,,,,,,,
201701,,,,,,,,,,,
201701,,,,,,,,,,,
201701,,,,,,,,,,,
201701,,,,,,,,,,,
201701,,,,,,,,,,,
201701,,,,,,,,,,,
201701,,,,,,,,,,,
201701,,,,,,,,,,,
201701,,,,,,,,,,,
201701,,,,,,,,,,,
201701,,,,,,,,,,,
201701,,,,,,,,,,,
201701,,,,,,,,,,,
201701,,,,,,,,,,,
201701,,,,,,,,,,,
201701,,,,,,,,,,,
201701,,,,,,,,,,,
201701,,,,,,,,,,,
201701,,,,,,,,,,,
201701,,,,,,,,,,,
201701,,,,,,,,,,,
201701,,,,,,,,,,,
201701,,,,,,,,,,,
201701,,,,,,,,,,,
201701,,,,,,,,,,,
201701,,,,,,,,,,,
201701,,,,,,,,,,,
201701,,,,,,,,,,,
201701,,,,,,,,,,,
201701,,,,,,,,,,,
201701,,,,,,,,,,,
201701,,,,,,,,,,,
201701,,,,,,,,,,,
201701,,,,,,,,,,,
201701,,,,,,,,,,,
201701,,,,,,,,,,,
201701,,,,,,,,,,,
201701,,,,,,,,,,,
201701,,,,,,,,,,,
201701,,,,,,,,,,,
201701,,,,,,,,,,,
201701,,,,,,,,,,,
201701,,,,,,,,,,,
201701,,,,,,,,,,,
201701,,,,,,,,,,,
201701,,,,,,,,,,,
201701,,,,,,,,,,,
201701,,,,,,,,,,,
201701,,,,,,,,,,,
201701,,,,,,,,,,,
201701,,,,,,,,,,,
201701,,,,,,,,,,,
201701,,,,,,,,,,,
201701,,,,,,,,,,,
201701,,,,,,,,,,,
201701,,,,,,,,,,,
201701,,,,,,,,,,,
201701,,,,,,,,,,,
201701,,,,,,,,,,,
201701,,,,,,,,,,,
201701,,,,,,,,,,,
201701,,,,,,,,,,,
201701,,,,,,,,,,,
201701,,,,,,,,,,,
201701,,,,,,,,,,,
201701,,,,,,,,,,,
201701,,,,,,,,,,,
201701,,,,,,,,,,,
201701,,,,,,,,,,,
201701,,,,,,,,,,,
201701,,,,,,,,,,,
201701,,,,,,,,,,,
201701,,,,,,,,,,,
201701,,,,,,,,,,,
201701,,,,,,,,,,,
201701,,,,,,,,,,,
201701,,,,,,,,,,,
201701,,,,,,,,,,,
201701,,,,,,,,,,,
201701,,,,,,,,,,,
201701,,,,,,,,,,,
201701,,,,,,,,,,,
201701,,,,,,,,,,,
201701,,,,,,,,,,,
201701,,,,,,,,,,,
201701,,,,,,,,,,,
