Cohort,PrawnID,GAV,Age,Class,FamID,IntFamID,CohortFamID
201602,201602_141_001_D9_G,0,pond,offspring,B3_012,23,1
201602,201602_141_001_F3_G,0,pond,offspring,B3_012,23,1
201602,201602_142_005_C5_G,0,pond,offspring,B3_012,23,1
201602,201602_142_005_F11_G,0,pond,offspring,B3_012,23,1
201602,201602BR060,1.51,broodstock,mother,B3_012,23,1
201602,201602BR088,2.31,broodstock,father,B3_012,23,1
201602,201602_142_005_A10_G,3.74,pond,offspring,B3_012,23,1
201602,201602_141_001_A3_G,0,pond,offspring,B3_011,30,2
201602,201602_141_001_C1_G,0,pond,offspring,B3_011,30,2
201602,201602_141_001_E6_G,0,pond,offspring,B3_011,30,2
201602,201602_141_001_G10_G,0,pond,offspring,B3_011,30,2
201602,201602_142_005_A12_G,0,pond,offspring,B3_011,30,2
201602,201602_142_005_B2_G,0,pond,offspring,B3_011,30,2
201602,201602_142_005_B3_G,0,pond,offspring,B3_011,30,2
201602,201602_142_005_C12_G,0,pond,offspring,B3_011,30,2
201602,201602_142_005_D1_G,0,pond,offspring,B3_011,30,2
201602,201602_142_005_D12_G,0,pond,offspring,B3_011,30,2
201602,201602_142_005_F2_G,0,pond,offspring,B3_011,30,2
201602,201602_142_005_F3_G,0,pond,offspring,B3_011,30,2
201602,201602_142_005_F5_G,0,pond,offspring,B3_011,30,2
201602,201602_142_005_F6_G,0,pond,offspring,B3_011,30,2
201602,201602_142_005_G5_G,0,pond,offspring,B3_011,30,2
201602,201602_142_005_G6_G,0,pond,offspring,B3_011,30,2
201602,201602_142_005_H2_G,0,pond,offspring,B3_011,30,2
201602,201602_142_005_H4_G,0,pond,offspring,B3_011,30,2
201602,201602_142_005_H5_G,0,pond,offspring,B3_011,30,2
201602,201602_142_005_H6_G,0,pond,offspring,B3_011,30,2
201602,201602BR056,0,broodstock,mother,B3_011,30,2
201602,201602BR087,1.82,broodstock,father,B3_011,30,2
201602,201602_141_001_F11_G,3.08,pond,offspring,B3_011,30,2
201602,201602_141_001_A2_G,3.11,pond,offspring,B3_011,30,2
201602,201602_141_001_C12_G,3.15,pond,offspring,B3_011,30,2
201602,201602_142_005_B7_G,3.91,pond,offspring,B3_011,30,2
201602,201602_142_005_A7_G,4.12,pond,offspring,B3_011,30,2
201602,201602_142_005_F12_G,4.12,pond,offspring,B3_011,30,2
201602,201602_142_005_B8_G,4.15,pond,offspring,B3_011,30,2
201602,201602_142_005_B12_G,4.17,pond,offspring,B3_011,30,2
201602,201602_142_005_E11_G,4.29,pond,offspring,B3_011,30,2
201602,201602_142_005_E3_G,7.08,pond,offspring,B3_011,30,2
201602,201602_142_005_E12_G,7.23,pond,offspring,B3_011,30,2
201602,201602_141_001_H11_G,0,pond,offspring,B3_007,33,3
201602,201602_141_001_H8_G,0,pond,offspring,B3_007,33,3
201602,201602BR105,1.39,broodstock,father,B3_007,33,3
201602,201602BR040,1.46,broodstock,mother,B3_007,33,3
201602,201602_141_001_B12_G,3.15,pond,offspring,B3_007,33,3
201602,201602_141_001_A9_G,0,pond,offspring,B3_016,35,4
201602,201602_141_001_B1_G,0,pond,offspring,B3_016,35,4
201602,201602_141_001_B5_G,0,pond,offspring,B3_016,35,4
201602,201602_141_001_C9_G,0,pond,offspring,B3_016,35,4
201602,201602_141_001_F7_G,0,pond,offspring,B3_016,35,4
201602,201602_142_005_A3_G,0,pond,offspring,B3_016,35,4
201602,201602_142_005_A5_G,0,pond,offspring,B3_016,35,4
201602,201602_142_005_B5_G,0,pond,offspring,B3_016,35,4
201602,201602_142_005_E9_G,0,pond,offspring,B3_016,35,4
201602,201602_142_005_F1_G,0,pond,offspring,B3_016,35,4
201602,201602_142_005_H8_G,0,pond,offspring,B3_016,35,4
201602,201602BR096,1.7,broodstock,father,B3_016,35,4
201602,201602BR075,2.43,broodstock,mother,B3_016,35,4
201602,201602_141_001_C2_G,3.09,pond,offspring,B3_016,35,4
201602,201602_142_005_F9_G,3.71,pond,offspring,B3_016,35,4
201602,201602_141_001_E10_G,0,pond,offspring,B3_004,37,5
201602,201602BR093,1.73,broodstock,father,B3_004,37,5
201602,201602BR036,2.76,broodstock,mother,B3_004,37,5
201602,201602_142_005_E1_G,0,pond,offspring,B3_008,41,6
201602,201602BR093,1.73,broodstock,father,B3_008,41,6
201602,201602BR054,2.22,broodstock,mother,B3_008,41,6
201602,201602_141_001_A5_G,0,pond,offspring,B3_009,42,7
201602,201602_141_001_B4_G,0,pond,offspring,B3_009,42,7
201602,201602_141_001_E12_G,0,pond,offspring,B3_009,42,7
201602,201602BR110,0,broodstock,father,B3_009,42,7
201602,201602BR054,2.22,broodstock,mother,B3_009,42,7
201602,201602_141_001_G3_G,3.16,pond,offspring,B3_009,42,7
201602,201602_142_005_B10_G,0,pond,offspring,B3_003,48,8
201602,201602_142_005_H11_G,0,pond,offspring,B3_003,48,8
201602,201602BR035,1.84,broodstock,mother,B3_003,48,8
201602,201602BR102,3.57,broodstock,father,B3_003,48,8
201602,201602_141_001_B2_G,0,pond,offspring,B3_015,49,9
201602,201602_141_001_E3_G,0,pond,offspring,B3_015,49,9
201602,201602BR104,0,broodstock,father,B3_015,49,9
201602,201602BR069,2.2,broodstock,mother,B3_015,49,9
201602,201602_141_001_A11_G,0,pond,offspring,B3_017,54,10
201602,201602_142_005_D8_G,0,pond,offspring,B3_017,54,10
201602,201602_142_005_E7_G,0,pond,offspring,B3_017,54,10
201602,201602_142_005_E8_G,0,pond,offspring,B3_017,54,10
201602,201602BR075,2.43,broodstock,mother,B3_017,54,10
201602,201602BR102,3.57,broodstock,father,B3_017,54,10
201602,201602_141_001_A7_G,0,pond,offspring,B3_014,58,11
201602,201602_141_001_F1_G,0,pond,offspring,B3_014,58,11
201602,201602BR105,1.39,broodstock,father,B3_014,58,11
201602,201602_141_001_H5_G,3.14,pond,offspring,B3_014,58,11
201602,201602BR066,3.32,broodstock,mother,B3_014,58,11
201602,201602BR096,1.7,broodstock,father,B3_006,59,12
201602,201602BR039,2.98,broodstock,mother,B3_006,59,12
201604,201604BR347,5.14,broodstock,father,B1_033,1,13
201604,201604BR456,0,broodstock,mother,B1_033,1,13
201604,243_01_A11G,4.67,pond,offspring,B1_033,1,13
201604,243_01_A5G,0,pond,offspring,B1_033,1,13
201604,243_01_B11G,4.39,pond,offspring,B1_033,1,13
201604,243_01_B4G,3.81,pond,offspring,B1_033,1,13
201604,243_01_C7G,3.41,pond,offspring,B1_033,1,13
201604,243_01_C8G,0,pond,offspring,B1_033,1,13
201604,243_01_E11G,4.53,pond,offspring,B1_033,1,13
201604,243_01_F10G,3.8,pond,offspring,B1_033,1,13
201604,243_01_F7G,0,pond,offspring,B1_033,1,13
201604,243_01_F9G,3.53,pond,offspring,B1_033,1,13
201604,243_01_G6G,4.05,pond,offspring,B1_033,1,13
201604,244_01_D12G,0,pond,offspring,B1_033,1,13
201604,244_01_E9G,3.5,pond,offspring,B1_033,1,13
201604,244_01_G8G,0,pond,offspring,B1_033,1,13
201604,RC8_108_PL,7.79,larval,offspring,B1_033,1,13
201604,RC8_110_PL,7.76,larval,offspring,B1_033,1,13
201604,RC8_149_PL,7.59,larval,offspring,B1_033,1,13
201604,RC8_154_PL,7.76,larval,offspring,B1_033,1,13
201604,RC8_497_PL,6.28,larval,offspring,B1_033,1,13
201604,RC8_500_PL,6.74,larval,offspring,B1_033,1,13
201604,RC8_503_PL,6.91,larval,offspring,B1_033,1,13
201604,RC8_520_PL,7.51,larval,offspring,B1_033,1,13
201604,RC8_523_PL,7.76,larval,offspring,B1_033,1,13
201604,RC8_528_PL,6.91,larval,offspring,B1_033,1,13
201604,RC8_535_PL,8.19,larval,offspring,B1_033,1,13
201604,RC8_544_PL,7.91,larval,offspring,B1_033,1,13
201604,RC8_548_PL,7.52,larval,offspring,B1_033,1,13
201604,RC8_557_PL,6.75,larval,offspring,B1_033,1,13
201604,RC8_562_PL,7.32,larval,offspring,B1_033,1,13
201604,RC9_101_PL,9.05,larval,offspring,B1_033,1,13
201604,RC9_104_PL,7.01,larval,offspring,B1_033,1,13
201604,RC9_118_PL,7.87,larval,offspring,B1_033,1,13
201604,RC9_124_PL,7.81,larval,offspring,B1_033,1,13
201604,RC9_130_PL,7.68,larval,offspring,B1_033,1,13
201604,RC9_184_PL,7.44,larval,offspring,B1_033,1,13
201604,RC9_185_PL,7.63,larval,offspring,B1_033,1,13
201604,RC9_191_PL,7.18,larval,offspring,B1_033,1,13
201604,RC9_204_PL,7.18,larval,offspring,B1_033,1,13
201604,RC9_206_PL,7.95,larval,offspring,B1_033,1,13
201604,RC9_223_PL,7.14,larval,offspring,B1_033,1,13
201604,RC9_244_PL,7.4,larval,offspring,B1_033,1,13
201604,RC9_255_PL,7.3,larval,offspring,B1_033,1,13
201604,RC9_259_PL,7.57,larval,offspring,B1_033,1,13
201604,RC9_263_PL,7.32,larval,offspring,B1_033,1,13
201604,RC9_266_PL,7.22,larval,offspring,B1_033,1,13
201604,RC9_268_PL,7.44,larval,offspring,B1_033,1,13
201604,RC9_271_PL,7.1,larval,offspring,B1_033,1,13
201604,201604BR060,0,broodstock,mother,B1_012,2,14
201604,201604BR158,4.56,broodstock,father,B1_012,2,14
201604,RC8_104_PL,7.92,larval,offspring,B1_012,2,14
201604,RC8_119_PL,6.7,larval,offspring,B1_012,2,14
201604,RC8_142_PL,6.91,larval,offspring,B1_012,2,14
201604,RC8_159_PL,7.25,larval,offspring,B1_012,2,14
201604,RC8_480_PL,7,larval,offspring,B1_012,2,14
201604,RC8_507_PL,7.26,larval,offspring,B1_012,2,14
201604,RC8_515_PL,7.41,larval,offspring,B1_012,2,14
201604,RC8_527_PL,6.27,larval,offspring,B1_012,2,14
201604,RC9_115_PL,7.9,larval,offspring,B1_012,2,14
201604,RC9_117_PL,7.42,larval,offspring,B1_012,2,14
201604,RC9_122_PL,7.64,larval,offspring,B1_012,2,14
201604,RC9_126_PL,7.15,larval,offspring,B1_012,2,14
201604,RC9_127_PL,6.41,larval,offspring,B1_012,2,14
201604,RC9_135_PL,6.77,larval,offspring,B1_012,2,14
201604,RC9_148_PL,6.72,larval,offspring,B1_012,2,14
201604,RC9_150_PL,6.82,larval,offspring,B1_012,2,14
201604,RC9_159_PL,7.41,larval,offspring,B1_012,2,14
201604,RC9_163_PL,7.27,larval,offspring,B1_012,2,14
201604,RC9_167_PL,6.88,larval,offspring,B1_012,2,14
201604,RC9_173_PL,6.7,larval,offspring,B1_012,2,14
201604,RC9_174_PL,7.14,larval,offspring,B1_012,2,14
201604,RC9_177_PL,7.84,larval,offspring,B1_012,2,14
201604,RC9_182_PL,6.92,larval,offspring,B1_012,2,14
201604,RC9_186_PL,7.17,larval,offspring,B1_012,2,14
201604,RC9_188_PL,7,larval,offspring,B1_012,2,14
201604,RC9_203_PL,6.63,larval,offspring,B1_012,2,14
201604,RC9_212_PL,6.73,larval,offspring,B1_012,2,14
201604,RC9_217_PL,7.59,larval,offspring,B1_012,2,14
201604,RC9_233_PL,7.65,larval,offspring,B1_012,2,14
201604,RC9_253_PL,7.66,larval,offspring,B1_012,2,14
201604,RC9_254_PL,6.53,larval,offspring,B1_012,2,14
201604,RC9_260_PL,6.59,larval,offspring,B1_012,2,14
201604,201604BR289,5.5,broodstock,father,B1_026,3,15
201604,201604BR412,3.75,broodstock,mother,B1_026,3,15
201604,243_01_A6G,6.02,pond,offspring,B1_026,3,15
201604,243_01_B5G,4.91,pond,offspring,B1_026,3,15
201604,243_01_C4G,4.23,pond,offspring,B1_026,3,15
201604,243_01_E12G,4.06,pond,offspring,B1_026,3,15
201604,243_01_G5G,5.8,pond,offspring,B1_026,3,15
201604,243_01_G8G,4.31,pond,offspring,B1_026,3,15
201604,244_01_D11G,4.05,pond,offspring,B1_026,3,15
201604,RC8_126_PL,8.19,larval,offspring,B1_026,3,15
201604,RC8_136_PL,7.59,larval,offspring,B1_026,3,15
201604,RC8_137_PL,7.42,larval,offspring,B1_026,3,15
201604,RC8_182_PL,6.3,larval,offspring,B1_026,3,15
201604,RC8_472_PL,6.85,larval,offspring,B1_026,3,15
201604,RC8_495_PL,6.86,larval,offspring,B1_026,3,15
201604,RC9_132_PL,8.2,larval,offspring,B1_026,3,15
201604,RC9_170_PL,7.67,larval,offspring,B1_026,3,15
201604,RC9_192_PL,7.04,larval,offspring,B1_026,3,15
201604,RC9_193_PL,7.48,larval,offspring,B1_026,3,15
201604,RC9_200_PL,7.13,larval,offspring,B1_026,3,15
201604,RC9_208_PL,5.04,larval,offspring,B1_026,3,15
201604,RC9_215_PL,8.42,larval,offspring,B1_026,3,15
201604,RC9_228_PL,7.73,larval,offspring,B1_026,3,15
201604,RC9_229_PL,7.92,larval,offspring,B1_026,3,15
201604,RC9_231_PL,8.21,larval,offspring,B1_026,3,15
201604,RC9_248_PL,7.33,larval,offspring,B1_026,3,15
201604,201604BR059,3.51,broodstock,mother,B1_011,4,16
201604,201604BR192,3.18,broodstock,father,B1_011,4,16
201604,243_01_E8G,3.85,pond,offspring,B1_011,4,16
201604,243_01_H3G,6.52,pond,offspring,B1_011,4,16
201604,244_01_H11G,3.92,pond,offspring,B1_011,4,16
201604,244_01_H8G,5,pond,offspring,B1_011,4,16
201604,RC8_109_PL,7.47,larval,offspring,B1_011,4,16
201604,RC8_133_PL,7.26,larval,offspring,B1_011,4,16
201604,RC8_164_PL,7.5,larval,offspring,B1_011,4,16
201604,RC8_174_PL,7.81,larval,offspring,B1_011,4,16
201604,RC8_493_PL,7.72,larval,offspring,B1_011,4,16
201604,RC8_532_PL,7.48,larval,offspring,B1_011,4,16
201604,RC8_551_PL,6.84,larval,offspring,B1_011,4,16
201604,RC9_137_PL,7.56,larval,offspring,B1_011,4,16
201604,RC9_141_PL,7.93,larval,offspring,B1_011,4,16
201604,RC9_143_PL,7.36,larval,offspring,B1_011,4,16
201604,RC9_198_PL,7.71,larval,offspring,B1_011,4,16
201604,RC9_210_PL,6.63,larval,offspring,B1_011,4,16
201604,RC9_216_PL,7.65,larval,offspring,B1_011,4,16
201604,RC9_219_PL,7.79,larval,offspring,B1_011,4,16
201604,RC9_221_PL,7.31,larval,offspring,B1_011,4,16
201604,RC9_261_PL,7.91,larval,offspring,B1_011,4,16
201604,201604BR289,5.5,broodstock,father,B1_030,5,17
201604,201604BR431,0,broodstock,mother,B1_030,5,17
201604,RC9_123_PL,7.63,larval,offspring,B1_030,5,17
201604,RC9_145_PL,6.94,larval,offspring,B1_030,5,17
201604,RC9_147_PL,7.08,larval,offspring,B1_030,5,17
201604,RC9_161_PL,7.67,larval,offspring,B1_030,5,17
201604,RC9_169_PL,9.44,larval,offspring,B1_030,5,17
201604,RC9_176_PL,7.19,larval,offspring,B1_030,5,17
201604,RC9_178_PL,7.08,larval,offspring,B1_030,5,17
201604,RC9_209_PL,6.97,larval,offspring,B1_030,5,17
201604,RC9_224_PL,7.67,larval,offspring,B1_030,5,17
201604,RC9_234_PL,7.01,larval,offspring,B1_030,5,17
201604,RC9_235_PL,7.75,larval,offspring,B1_030,5,17
201604,RC9_279_PL,7.37,larval,offspring,B1_030,5,17
201604,201604BR020,3.51,broodstock,mother,B1_004,6,18
201604,201604BR199,3.82,broodstock,father,B1_004,6,18
201604,243_01_D5G,0,pond,offspring,B1_004,6,18
201604,243_01_D7G,0,pond,offspring,B1_004,6,18
201604,244_01_B9G,3.93,pond,offspring,B1_004,6,18
201604,244_01_E10G,0,pond,offspring,B1_004,6,18
201604,244_01_E7G,3.71,pond,offspring,B1_004,6,18
201604,244_01_G7G,3.72,pond,offspring,B1_004,6,18
201604,RC8_099_PL,7.15,larval,offspring,B1_004,6,18
201604,RC8_114_PL,5.26,larval,offspring,B1_004,6,18
201604,RC8_131_PL,4.2,larval,offspring,B1_004,6,18
201604,RC8_477_PL,6.94,larval,offspring,B1_004,6,18
201604,RC8_521_PL,6.45,larval,offspring,B1_004,6,18
201604,RC8_531_PL,4.01,larval,offspring,B1_004,6,18
201604,RC8_534_PL,4.75,larval,offspring,B1_004,6,18
201604,RC9_144_PL,6.72,larval,offspring,B1_004,6,18
201604,RC9_232_PL,7.38,larval,offspring,B1_004,6,18
201604,RC9_258_PL,7.43,larval,offspring,B1_004,6,18
201604,RC9_262_PL,6.61,larval,offspring,B1_004,6,18
201604,201604BR103,3.41,broodstock,mother,B1_021,7,19
201604,201604BR239,0,broodstock,father,B1_021,7,19
201604,243_01_C6G,3.92,pond,offspring,B1_021,7,19
201604,243_01_G11G,4.21,pond,offspring,B1_021,7,19
201604,RC8_130_PL,6.88,larval,offspring,B1_021,7,19
201604,RC8_524_PL,7.09,larval,offspring,B1_021,7,19
201604,RC8_526_PL,7.38,larval,offspring,B1_021,7,19
201604,RC9_120_PL,7.54,larval,offspring,B1_021,7,19
201604,RC9_175_PL,7.25,larval,offspring,B1_021,7,19
201604,RC9_199_PL,7.04,larval,offspring,B1_021,7,19
201604,RC9_250_PL,7.41,larval,offspring,B1_021,7,19
201604,RC9_252_PL,7.39,larval,offspring,B1_021,7,19
201604,RC9_256_PL,7.36,larval,offspring,B1_021,7,19
201604,RC9_264_PL,7.22,larval,offspring,B1_021,7,19
201604,201604BR084,3.05,broodstock,mother,B1_019,8,20
201604,201604BR145,3.08,broodstock,father,B1_019,8,20
201604,243_01_C9G,3.77,pond,offspring,B1_019,8,20
201604,243_01_D9G,4.7,pond,offspring,B1_019,8,20
201604,243_01_H5G,4.21,pond,offspring,B1_019,8,20
201604,244_01_A12G,4.77,pond,offspring,B1_019,8,20
201604,RC8_106_PL,6.03,larval,offspring,B1_019,8,20
201604,RC8_120_PL,7.19,larval,offspring,B1_019,8,20
201604,RC8_145_PL,7.43,larval,offspring,B1_019,8,20
201604,RC8_177_PL,7.59,larval,offspring,B1_019,8,20
201604,RC8_187_PL,7.13,larval,offspring,B1_019,8,20
201604,RC8_476_PL,7.21,larval,offspring,B1_019,8,20
201604,RC8_489_PL,6.93,larval,offspring,B1_019,8,20
201604,RC8_501_PL,7.24,larval,offspring,B1_019,8,20
201604,RC8_550_PL,6.42,larval,offspring,B1_019,8,20
201604,RC8_556_PL,7.15,larval,offspring,B1_019,8,20
201604,201604BR021,3.01,broodstock,mother,B1_006,9,21
201604,201604BR158,4.56,broodstock,father,B1_006,9,21
201604,244_01_B8G,3.67,pond,offspring,B1_006,9,21
201604,RC8_517_PL,6.96,larval,offspring,B1_006,9,21
201604,RC9_153_PL,6.26,larval,offspring,B1_006,9,21
201604,RC9_179_PL,7.24,larval,offspring,B1_006,9,21
201604,RC9_222_PL,7.26,larval,offspring,B1_006,9,21
201604,RC9_227_PL,7.18,larval,offspring,B1_006,9,21
201604,RC9_269_PL,7.22,larval,offspring,B1_006,9,21
201604,RC9_278_PL,6.82,larval,offspring,B1_006,9,21
201604,RC9_282_PL,6.68,larval,offspring,B1_006,9,21
201604,201604BR347,5.14,broodstock,father,B1_036,11,22
201604,201604BR479,3.47,broodstock,mother,B1_036,11,22
201604,243_01_B10G,4,pond,offspring,B1_036,11,22
201604,243_01_B12G,6.09,pond,offspring,B1_036,11,22
201604,243_01_G9G,7.21,pond,offspring,B1_036,11,22
201604,RC8_143_PL,7.73,larval,offspring,B1_036,11,22
201604,RC9_154_PL,6.51,larval,offspring,B1_036,11,22
201604,RC9_171_PL,7.35,larval,offspring,B1_036,11,22
201604,RC9_265_PL,7.51,larval,offspring,B1_036,11,22
201604,RC9_267_PL,6.93,larval,offspring,B1_036,11,22
201604,RC9_275_PL,6.98,larval,offspring,B1_036,11,22
201604,RC9_276_PL,7.07,larval,offspring,B1_036,11,22
201701,G1T1701_156_001_H6_G,0,pond,offspring,G1T1701_BR_131_M__G1T1701_BR_262_MP,61,23
201701,G1T1701_156_001_H4_G,0,pond,offspring,G1T1701_BR_131_M__G1T1701_BR_262_MP,61,23
201701,G1T1701_156_001_G8_G,0,pond,offspring,G1T1701_BR_131_M__G1T1701_BR_262_MP,61,23
201701,G1T1701_156_001_E11_G,0,pond,offspring,G1T1701_BR_131_M__G1T1701_BR_262_MP,61,23
201701,G1T1701_156_001_C9_G,0,pond,offspring,G1T1701_BR_131_M__G1T1701_BR_262_MP,61,23
201701,G1T1701_156_001_B6_G,0,pond,offspring,G1T1701_BR_131_M__G1T1701_BR_262_MP,61,23
201701,G1T1701_156_001_A2_G,0,pond,offspring,G1T1701_BR_131_M__G1T1701_BR_262_MP,61,23
201701,G1T1701_156_001_A12_G,0,pond,offspring,G1T1701_BR_131_M__G1T1701_BR_262_MP,61,23
201701,G1T1701_152_001_G3_G,0,pond,offspring,G1T1701_BR_131_M__G1T1701_BR_262_MP,61,23
201701,G1T1701_152_001_G11_G,0,pond,offspring,G1T1701_BR_131_M__G1T1701_BR_262_MP,61,23
201701,G1T1701_152_001_F4_P,0,pond,offspring,G1T1701_BR_131_M__G1T1701_BR_262_MP,61,23
201701,G1T1701_152_001_E3_G,0,pond,offspring,G1T1701_BR_131_M__G1T1701_BR_262_MP,61,23
201701,G1T1701_152_001_E12_G,0,pond,offspring,G1T1701_BR_131_M__G1T1701_BR_262_MP,61,23
201701,G1T1701_152_001_D7_G,0,pond,offspring,G1T1701_BR_131_M__G1T1701_BR_262_MP,61,23
201701,G1T1701_152_001_D3_G,0,pond,offspring,G1T1701_BR_131_M__G1T1701_BR_262_MP,61,23
201701,G1T1701_152_001_D2_G,0,pond,offspring,G1T1701_BR_131_M__G1T1701_BR_262_MP,61,23
201701,G1T1701_152_001_C8_G,0,pond,offspring,G1T1701_BR_131_M__G1T1701_BR_262_MP,61,23
201701,G1T1701_152_001_C2_G,0,pond,offspring,G1T1701_BR_131_M__G1T1701_BR_262_MP,61,23
201701,G1T1701_152_001_B8_G,0,pond,offspring,G1T1701_BR_131_M__G1T1701_BR_262_MP,61,23
201701,G1T1701_152_001_B6_G,0,pond,offspring,G1T1701_BR_131_M__G1T1701_BR_262_MP,61,23
201701,G1T1701_152_001_B3_G,0,pond,offspring,G1T1701_BR_131_M__G1T1701_BR_262_MP,61,23
201701,G1T1701_152_001_B12_G,0,pond,offspring,G1T1701_BR_131_M__G1T1701_BR_262_MP,61,23
201701,G1T1701_152_001_B10_G,0,pond,offspring,G1T1701_BR_131_M__G1T1701_BR_262_MP,61,23
201701,G1T1701_152_001_A6_G,0,pond,offspring,G1T1701_BR_131_M__G1T1701_BR_262_MP,61,23
201701,G1T1701_150_005_G6_G,0,pond,offspring,G1T1701_BR_131_M__G1T1701_BR_262_MP,61,23
201701,G1T1701_150_005_G1_G,0,pond,offspring,G1T1701_BR_131_M__G1T1701_BR_262_MP,61,23
201701,G1T1701_150_005_E2_G,0,pond,offspring,G1T1701_BR_131_M__G1T1701_BR_262_MP,61,23
201701,G1T1701_150_005_E1_G,0,pond,offspring,G1T1701_BR_131_M__G1T1701_BR_262_MP,61,23
201701,G1T1701_150_005_D6_G,0,pond,offspring,G1T1701_BR_131_M__G1T1701_BR_262_MP,61,23
201701,G1T1701_150_005_C12_G,0,pond,offspring,G1T1701_BR_131_M__G1T1701_BR_262_MP,61,23
201701,G1T1701_150_004_G11_G,0,pond,offspring,G1T1701_BR_131_M__G1T1701_BR_262_MP,61,23
201701,G1T1701_150_004_F7_G,0,pond,offspring,G1T1701_BR_131_M__G1T1701_BR_262_MP,61,23
201701,G1T1701_150_004_E9_G,0,pond,offspring,G1T1701_BR_131_M__G1T1701_BR_262_MP,61,23
201701,G1T1701_150_004_D8_G,0,pond,offspring,G1T1701_BR_131_M__G1T1701_BR_262_MP,61,23
201701,G1T1701_150_004_D7_G,0,pond,offspring,G1T1701_BR_131_M__G1T1701_BR_262_MP,61,23
201701,G1T1701_150_004_D12_G,0,pond,offspring,G1T1701_BR_131_M__G1T1701_BR_262_MP,61,23
201701,G1T1701_150_004_B5_G,0,pond,offspring,G1T1701_BR_131_M__G1T1701_BR_262_MP,61,23
201701,G1T1701_150_004_B4_G,0,pond,offspring,G1T1701_BR_131_M__G1T1701_BR_262_MP,61,23
201701,G1T1701_150_003_H6_G,0,pond,offspring,G1T1701_BR_131_M__G1T1701_BR_262_MP,61,23
201701,G1T1701_150_003_H1_G,0,pond,offspring,G1T1701_BR_131_M__G1T1701_BR_262_MP,61,23
201701,G1T1701_150_003_G9_G,0,pond,offspring,G1T1701_BR_131_M__G1T1701_BR_262_MP,61,23
201701,G1T1701_150_003_G8_G,0,pond,offspring,G1T1701_BR_131_M__G1T1701_BR_262_MP,61,23
201701,G1T1701_150_003_F7_G,0,pond,offspring,G1T1701_BR_131_M__G1T1701_BR_262_MP,61,23
201701,G1T1701_150_003_F6_G,0,pond,offspring,G1T1701_BR_131_M__G1T1701_BR_262_MP,61,23
201701,G1T1701_150_003_E5_G,0,pond,offspring,G1T1701_BR_131_M__G1T1701_BR_262_MP,61,23
201701,G1T1701_150_003_E10_G,0,pond,offspring,G1T1701_BR_131_M__G1T1701_BR_262_MP,61,23
201701,G1T1701_150_003_D3_G,0,pond,offspring,G1T1701_BR_131_M__G1T1701_BR_262_MP,61,23
201701,G1T1701_150_003_D12_G,0,pond,offspring,G1T1701_BR_131_M__G1T1701_BR_262_MP,61,23
201701,G1T1701_150_003_D11_G,0,pond,offspring,G1T1701_BR_131_M__G1T1701_BR_262_MP,61,23
201701,G1T1701_150_003_C12_G,0,pond,offspring,G1T1701_BR_131_M__G1T1701_BR_262_MP,61,23
201701,G1T1701_150_003_B9_G,0,pond,offspring,G1T1701_BR_131_M__G1T1701_BR_262_MP,61,23
201701,G1T1701_150_003_A7_G,0,pond,offspring,G1T1701_BR_131_M__G1T1701_BR_262_MP,61,23
201701,G1T1701_150_002_F7_G,0,pond,offspring,G1T1701_BR_131_M__G1T1701_BR_262_MP,61,23
201701,G1T1701_150_002_D8_G,0,pond,offspring,G1T1701_BR_131_M__G1T1701_BR_262_MP,61,23
201701,G1T1701_150_002_C12_G,0,pond,offspring,G1T1701_BR_131_M__G1T1701_BR_262_MP,61,23
201701,G1T1701_150_002_C10_G,0,pond,offspring,G1T1701_BR_131_M__G1T1701_BR_262_MP,61,23
201701,G1T1701_150_002_B12_G,0,pond,offspring,G1T1701_BR_131_M__G1T1701_BR_262_MP,61,23
201701,G1T1701_150_002_A9_G,0,pond,offspring,G1T1701_BR_131_M__G1T1701_BR_262_MP,61,23
201701,G1T1701_150_001_G11_G,0,pond,offspring,G1T1701_BR_131_M__G1T1701_BR_262_MP,61,23
201701,G1T1701_150_001_E3_G,0,pond,offspring,G1T1701_BR_131_M__G1T1701_BR_262_MP,61,23
201701,G1T1701_150_001_A8_G,0,pond,offspring,G1T1701_BR_131_M__G1T1701_BR_262_MP,61,23
201701,G1T1701_149_005_H3_G,0,pond,offspring,G1T1701_BR_131_M__G1T1701_BR_262_MP,61,23
201701,G1T1701_149_005_G2_G,0,pond,offspring,G1T1701_BR_131_M__G1T1701_BR_262_MP,61,23
201701,G1T1701_149_005_F11_G,0,pond,offspring,G1T1701_BR_131_M__G1T1701_BR_262_MP,61,23
201701,G1T1701_149_005_F10_G,0,pond,offspring,G1T1701_BR_131_M__G1T1701_BR_262_MP,61,23
201701,G1T1701_149_005_C9_G,0,pond,offspring,G1T1701_BR_131_M__G1T1701_BR_262_MP,61,23
201701,G1T1701_149_005_B11_G,0,pond,offspring,G1T1701_BR_131_M__G1T1701_BR_262_MP,61,23
201701,G1T1701_149_003_H5_G,0,pond,offspring,G1T1701_BR_131_M__G1T1701_BR_262_MP,61,23
201701,G1T1701_149_003_G9_G,0,pond,offspring,G1T1701_BR_131_M__G1T1701_BR_262_MP,61,23
201701,G1T1701_149_003_G4_G,0,pond,offspring,G1T1701_BR_131_M__G1T1701_BR_262_MP,61,23
201701,G1T1701_149_003_G11_G,0,pond,offspring,G1T1701_BR_131_M__G1T1701_BR_262_MP,61,23
201701,G1T1701_149_003_F7_G,0,pond,offspring,G1T1701_BR_131_M__G1T1701_BR_262_MP,61,23
201701,G1T1701_149_003_F4_G,0,pond,offspring,G1T1701_BR_131_M__G1T1701_BR_262_MP,61,23
201701,G1T1701_149_003_E4_G,0,pond,offspring,G1T1701_BR_131_M__G1T1701_BR_262_MP,61,23
201701,G1T1701_149_003_E10_G,0,pond,offspring,G1T1701_BR_131_M__G1T1701_BR_262_MP,61,23
201701,G1T1701_149_003_D2_G,0,pond,offspring,G1T1701_BR_131_M__G1T1701_BR_262_MP,61,23
201701,G1T1701_149_003_D10_G,0,pond,offspring,G1T1701_BR_131_M__G1T1701_BR_262_MP,61,23
201701,G1T1701_149_003_C9_G,0,pond,offspring,G1T1701_BR_131_M__G1T1701_BR_262_MP,61,23
201701,G1T1701_149_003_C5_G,0,pond,offspring,G1T1701_BR_131_M__G1T1701_BR_262_MP,61,23
201701,G1T1701_149_003_C10_G,0,pond,offspring,G1T1701_BR_131_M__G1T1701_BR_262_MP,61,23
201701,G1T1701_149_003_B11_G,0,pond,offspring,G1T1701_BR_131_M__G1T1701_BR_262_MP,61,23
201701,G1T1701_149_003_A9_G,0,pond,offspring,G1T1701_BR_131_M__G1T1701_BR_262_MP,61,23
201701,G1T1701_149_002_H5_G,0,pond,offspring,G1T1701_BR_131_M__G1T1701_BR_262_MP,61,23
201701,G1T1701_149_002_G3_G,0,pond,offspring,G1T1701_BR_131_M__G1T1701_BR_262_MP,61,23
201701,G1T1701_149_002_F8_G,0,pond,offspring,G1T1701_BR_131_M__G1T1701_BR_262_MP,61,23
201701,G1T1701_149_002_E12_G,0,pond,offspring,G1T1701_BR_131_M__G1T1701_BR_262_MP,61,23
201701,G1T1701_149_002_B4_G,0,pond,offspring,G1T1701_BR_131_M__G1T1701_BR_262_MP,61,23
201701,G1T1701_149_002_B2_G,0,pond,offspring,G1T1701_BR_131_M__G1T1701_BR_262_MP,61,23
201701,G1T1701_149_002_A2_G,0,pond,offspring,G1T1701_BR_131_M__G1T1701_BR_262_MP,61,23
201701,G1T1701_149_001_G1_G,0,pond,offspring,G1T1701_BR_131_M__G1T1701_BR_262_MP,61,23
201701,G1T1701_149_001_F6_G,0,pond,offspring,G1T1701_BR_131_M__G1T1701_BR_262_MP,61,23
201701,G1T1701_149_001_C9_G,0,pond,offspring,G1T1701_BR_131_M__G1T1701_BR_262_MP,61,23
201701,G1T1701_149_001_C7_G,0,pond,offspring,G1T1701_BR_131_M__G1T1701_BR_262_MP,61,23
201701,G1T1701_149_001_C4_G,0,pond,offspring,G1T1701_BR_131_M__G1T1701_BR_262_MP,61,23
201701,G1T1701_149_001_B11_G,0,pond,offspring,G1T1701_BR_131_M__G1T1701_BR_262_MP,61,23
201701,G1T1701_149_001_A7_G,0,pond,offspring,G1T1701_BR_131_M__G1T1701_BR_262_MP,61,23
201701,G1T1701_156_001_B7_G,0.64,pond,offspring,G1T1701_BR_131_M__G1T1701_BR_262_MP,61,23
201701,G1T1701_156_001_H8_G,0.84,pond,offspring,G1T1701_BR_131_M__G1T1701_BR_262_MP,61,23
201701,G1T1701_156_001_G6_G,0.87,pond,offspring,G1T1701_BR_131_M__G1T1701_BR_262_MP,61,23
201701,G1T1701_156_001_G9_G,0.95,pond,offspring,G1T1701_BR_131_M__G1T1701_BR_262_MP,61,23
201701,G1T1701_155_001_H10_G,0.96,pond,offspring,G1T1701_BR_131_M__G1T1701_BR_262_MP,61,23
201701,G1T1701_156_001_F7_G,0.97,pond,offspring,G1T1701_BR_131_M__G1T1701_BR_262_MP,61,23
201701,G1T1701_150_001_D8_G,1.07,pond,offspring,G1T1701_BR_131_M__G1T1701_BR_262_MP,61,23
201701,G1T1701_156_001_B8_G,1.12,pond,offspring,G1T1701_BR_131_M__G1T1701_BR_262_MP,61,23
201701,G1T1701_150_001_G2_G,1.14,pond,offspring,G1T1701_BR_131_M__G1T1701_BR_262_MP,61,23
201701,G1T1701_156_001_B10_G,1.17,pond,offspring,G1T1701_BR_131_M__G1T1701_BR_262_MP,61,23
201701,G1T1701_149_003_F1_G,1.17,pond,offspring,G1T1701_BR_131_M__G1T1701_BR_262_MP,61,23
201701,G1T1701_149_003_E8_G,1.28,pond,offspring,G1T1701_BR_131_M__G1T1701_BR_262_MP,61,23
201701,G1T1701_156_001_A7_G,1.29,pond,offspring,G1T1701_BR_131_M__G1T1701_BR_262_MP,61,23
201701,G1T1701_157_001_D6_G,1.3,pond,offspring,G1T1701_BR_131_M__G1T1701_BR_262_MP,61,23
201701,G1T1701_156_001_A1_G,1.32,pond,offspring,G1T1701_BR_131_M__G1T1701_BR_262_MP,61,23
201701,G1T1701_150_001_D2_G,1.33,pond,offspring,G1T1701_BR_131_M__G1T1701_BR_262_MP,61,23
201701,G1T1701_149_003_A11_G,1.34,pond,offspring,G1T1701_BR_131_M__G1T1701_BR_262_MP,61,23
201701,G1T1701_BR_131_M,1.35,broodstock,mother,G1T1701_BR_131_M__G1T1701_BR_262_MP,61,23
201701,G1T1701_157_001_C10_G,1.36,pond,offspring,G1T1701_BR_131_M__G1T1701_BR_262_MP,61,23
201701,G1T1701_152_001_A7_G,1.36,pond,offspring,G1T1701_BR_131_M__G1T1701_BR_262_MP,61,23
201701,G1T1701_149_001_D7_G,1.4,pond,offspring,G1T1701_BR_131_M__G1T1701_BR_262_MP,61,23
201701,G1T1701_157_001_F10_G,1.43,pond,offspring,G1T1701_BR_131_M__G1T1701_BR_262_MP,61,23
201701,G1T1701_156_001_D6_G,1.44,pond,offspring,G1T1701_BR_131_M__G1T1701_BR_262_MP,61,23
201701,G1T1701_157_001_A4_G,1.45,pond,offspring,G1T1701_BR_131_M__G1T1701_BR_262_MP,61,23
201701,G1T1701_149_005_G1_G,1.53,pond,offspring,G1T1701_BR_131_M__G1T1701_BR_262_MP,61,23
201701,G1T1701_157_001_C4_G,1.57,pond,offspring,G1T1701_BR_131_M__G1T1701_BR_262_MP,61,23
201701,G1T1701_150_001_D10_G,1.57,pond,offspring,G1T1701_BR_131_M__G1T1701_BR_262_MP,61,23
201701,G1T1701_150_001_C3_G,1.57,pond,offspring,G1T1701_BR_131_M__G1T1701_BR_262_MP,61,23
201701,G1T1701_152_001_F9_G,1.61,pond,offspring,G1T1701_BR_131_M__G1T1701_BR_262_MP,61,23
201701,G1T1701_157_001_H4_G,1.63,pond,offspring,G1T1701_BR_131_M__G1T1701_BR_262_MP,61,23
201701,G1T1701_149_005_B9_G,1.64,pond,offspring,G1T1701_BR_131_M__G1T1701_BR_262_MP,61,23
201701,G1T1701_149_001_C3_G,1.65,pond,offspring,G1T1701_BR_131_M__G1T1701_BR_262_MP,61,23
201701,G1T1701_157_001_C8_G,1.69,pond,offspring,G1T1701_BR_131_M__G1T1701_BR_262_MP,61,23
201701,G1T1701_152_001_A5_G,1.7,pond,offspring,G1T1701_BR_131_M__G1T1701_BR_262_MP,61,23
201701,G1T1701_150_001_C6_G,1.79,pond,offspring,G1T1701_BR_131_M__G1T1701_BR_262_MP,61,23
201701,G1T1701_157_001_A6_G,1.88,pond,offspring,G1T1701_BR_131_M__G1T1701_BR_262_MP,61,23
201701,G1T1701_152_001_D6_G,1.88,pond,offspring,G1T1701_BR_131_M__G1T1701_BR_262_MP,61,23
201701,G1T1701_150_002_A11_G,1.88,pond,offspring,G1T1701_BR_131_M__G1T1701_BR_262_MP,61,23
201701,G1T1701_157_001_G1_G,1.91,pond,offspring,G1T1701_BR_131_M__G1T1701_BR_262_MP,61,23
201701,G1T1701_149_003_H6_G,1.94,pond,offspring,G1T1701_BR_131_M__G1T1701_BR_262_MP,61,23
201701,G1T1701_149_002_A4_G,2.06,pond,offspring,G1T1701_BR_131_M__G1T1701_BR_262_MP,61,23
201701,G1T1701_149_002_D12_G,2.09,pond,offspring,G1T1701_BR_131_M__G1T1701_BR_262_MP,61,23
201701,G1T1701_152_001_F3_G,2.1,pond,offspring,G1T1701_BR_131_M__G1T1701_BR_262_MP,61,23
201701,G1T1701_149_003_G1_G,2.18,pond,offspring,G1T1701_BR_131_M__G1T1701_BR_262_MP,61,23
201701,G1T1701_150_002_G7_G,2.2,pond,offspring,G1T1701_BR_131_M__G1T1701_BR_262_MP,61,23
201701,G1T1701_150_005_D5_G,2.27,pond,offspring,G1T1701_BR_131_M__G1T1701_BR_262_MP,61,23
201701,G1T1701_149_002_D8_G,2.27,pond,offspring,G1T1701_BR_131_M__G1T1701_BR_262_MP,61,23
201701,G1T1701_149_002_G8_G,2.37,pond,offspring,G1T1701_BR_131_M__G1T1701_BR_262_MP,61,23
201701,G1T1701_149_003_G7_G,2.43,pond,offspring,G1T1701_BR_131_M__G1T1701_BR_262_MP,61,23
201701,G1T1701_150_002_A10_G,2.45,pond,offspring,G1T1701_BR_131_M__G1T1701_BR_262_MP,61,23
201701,G1T1701_149_001_B6_G,2.52,pond,offspring,G1T1701_BR_131_M__G1T1701_BR_262_MP,61,23
201701,G1T1701_149_004_B4_G,2.62,pond,offspring,G1T1701_BR_131_M__G1T1701_BR_262_MP,61,23
201701,G1T1701_149_003_F9_G,2.64,pond,offspring,G1T1701_BR_131_M__G1T1701_BR_262_MP,61,23
201701,G1T1701_157_001_F1_G,2.66,pond,offspring,G1T1701_BR_131_M__G1T1701_BR_262_MP,61,23
201701,G1T1701_149_002_B5_G,2.81,pond,offspring,G1T1701_BR_131_M__G1T1701_BR_262_MP,61,23
201701,G1T1701_150_003_G11_G,2.86,pond,offspring,G1T1701_BR_131_M__G1T1701_BR_262_MP,61,23
201701,G1T1701_150_005_B9_G,2.9,pond,offspring,G1T1701_BR_131_M__G1T1701_BR_262_MP,61,23
201701,G1T1701_150_003_B8_G,2.92,pond,offspring,G1T1701_BR_131_M__G1T1701_BR_262_MP,61,23
201701,G1T1701_150_005_C2_G,3.01,pond,offspring,G1T1701_BR_131_M__G1T1701_BR_262_MP,61,23
201701,G1T1701_157_001_B2_G,3.02,pond,offspring,G1T1701_BR_131_M__G1T1701_BR_262_MP,61,23
201701,G1T1701_BR_262_MP,3.03,broodstock,father,G1T1701_BR_131_M__G1T1701_BR_262_MP,61,23
201701,G1T1701_157_001_E9_G,3.11,pond,offspring,G1T1701_BR_131_M__G1T1701_BR_262_MP,61,23
201701,G1T1701_156_001_D4_G,3.25,pond,offspring,G1T1701_BR_131_M__G1T1701_BR_262_MP,61,23
201701,G1T1701_149_002_D4_G,3.49,pond,offspring,G1T1701_BR_131_M__G1T1701_BR_262_MP,61,23
201701,G1T1701_149_003_G10_G,3.54,pond,offspring,G1T1701_BR_131_M__G1T1701_BR_262_MP,61,23
201701,G1T1701_149_002_H10_G,3.58,pond,offspring,G1T1701_BR_131_M__G1T1701_BR_262_MP,61,23
201701,G1T1701_152_001_E2_G,3.64,pond,offspring,G1T1701_BR_131_M__G1T1701_BR_262_MP,61,23
201701,G1T1701_150_004_G7_G,3.64,pond,offspring,G1T1701_BR_131_M__G1T1701_BR_262_MP,61,23
201701,G1T1701_150_003_D7_G,3.64,pond,offspring,G1T1701_BR_131_M__G1T1701_BR_262_MP,61,23
201701,G1T1701_152_001_B11_G,3.93,pond,offspring,G1T1701_BR_131_M__G1T1701_BR_262_MP,61,23
201701,G1T1701_150_002_C5_G,3.93,pond,offspring,G1T1701_BR_131_M__G1T1701_BR_262_MP,61,23
201701,G1T1701_157_001_A2_G,3.95,pond,offspring,G1T1701_BR_131_M__G1T1701_BR_262_MP,61,23
201701,G1T1701_150_002_F6_G,3.98,pond,offspring,G1T1701_BR_131_M__G1T1701_BR_262_MP,61,23
201701,G1T1701_152_001_A12_G,4.03,pond,offspring,G1T1701_BR_131_M__G1T1701_BR_262_MP,61,23
201701,G1T1701_150_001_H6_G,4.17,pond,offspring,G1T1701_BR_131_M__G1T1701_BR_262_MP,61,23
201701,G1T1701_150_002_A7_G,4.27,pond,offspring,G1T1701_BR_131_M__G1T1701_BR_262_MP,61,23
201701,G1T1701_149_003_B6_G,4.31,pond,offspring,G1T1701_BR_131_M__G1T1701_BR_262_MP,61,23
201701,G1T1701_149_002_A6_G,4.42,pond,offspring,G1T1701_BR_131_M__G1T1701_BR_262_MP,61,23
201701,G1T1701_157_001_H11_G,4.53,pond,offspring,G1T1701_BR_131_M__G1T1701_BR_262_MP,61,23
201701,G1T1701_149_005_F1_G,4.62,pond,offspring,G1T1701_BR_131_M__G1T1701_BR_262_MP,61,23
201701,G1T1701_149_002_H7_G,4.64,pond,offspring,G1T1701_BR_131_M__G1T1701_BR_262_MP,61,23
201701,G1T1701_150_004_D10_G,4.92,pond,offspring,G1T1701_BR_131_M__G1T1701_BR_262_MP,61,23
201701,G1T1701_149_002_E6_G,5.06,pond,offspring,G1T1701_BR_131_M__G1T1701_BR_262_MP,61,23
201701,G1T1701_RD2_045_PL,5.57,larval,offspring,G1T1701_BR_131_M__G1T1701_BR_262_MP,61,23
201701,G1T1701_149_004_E4_G,5.62,pond,offspring,G1T1701_BR_131_M__G1T1701_BR_262_MP,61,23
201701,G1T1701_RD3_028_PL,6.13,larval,offspring,G1T1701_BR_131_M__G1T1701_BR_262_MP,61,23
201701,G1T1701_RD3_005_PL,6.15,larval,offspring,G1T1701_BR_131_M__G1T1701_BR_262_MP,61,23
201701,G1T1701_RD3_010_PL,6.29,larval,offspring,G1T1701_BR_131_M__G1T1701_BR_262_MP,61,23
201701,G1T1701_RD3_037_PL,6.3,larval,offspring,G1T1701_BR_131_M__G1T1701_BR_262_MP,61,23
201701,G1T1701_RD3_045_PL,6.32,larval,offspring,G1T1701_BR_131_M__G1T1701_BR_262_MP,61,23
201701,G1T1701_RD3_018_PL,6.53,larval,offspring,G1T1701_BR_131_M__G1T1701_BR_262_MP,61,23
201701,G1T1701_149_002_A7_G,6.53,pond,offspring,G1T1701_BR_131_M__G1T1701_BR_262_MP,61,23
201701,G1T1701_RD2_052_PL,6.55,larval,offspring,G1T1701_BR_131_M__G1T1701_BR_262_MP,61,23
201701,G1T1701_RD3_083_PL,6.93,larval,offspring,G1T1701_BR_131_M__G1T1701_BR_262_MP,61,23
201701,G1T1701_RD3_051_PL,6.93,larval,offspring,G1T1701_BR_131_M__G1T1701_BR_262_MP,61,23
201701,G1T1701_RD3_040_PL,7,larval,offspring,G1T1701_BR_131_M__G1T1701_BR_262_MP,61,23
201701,G1T1701_RD2_059_PL,7.01,larval,offspring,G1T1701_BR_131_M__G1T1701_BR_262_MP,61,23
201701,G1T1701_RD3_034_PL,7.04,larval,offspring,G1T1701_BR_131_M__G1T1701_BR_262_MP,61,23
201701,G1T1701_RD3_063_PL,7.08,larval,offspring,G1T1701_BR_131_M__G1T1701_BR_262_MP,61,23
201701,G1T1701_RD3_035_PL,7.17,larval,offspring,G1T1701_BR_131_M__G1T1701_BR_262_MP,61,23
201701,G1T1701_RD2_030_PL,7.3,larval,offspring,G1T1701_BR_131_M__G1T1701_BR_262_MP,61,23
201701,G1T1701_RD2_002_PL,7.38,larval,offspring,G1T1701_BR_131_M__G1T1701_BR_262_MP,61,23
201701,G1T1701_RD3_047_PL,7.54,larval,offspring,G1T1701_BR_131_M__G1T1701_BR_262_MP,61,23
201701,G1T1701_RD3_091_PL,7.55,larval,offspring,G1T1701_BR_131_M__G1T1701_BR_262_MP,61,23
201701,G1T1701_157_001_H8_G,0,pond,offspring,G1T1701_BR_131_M__G1T1701_BR_262_MP,61,23
201701,G1T1701_157_001_H6_G,0,pond,offspring,G1T1701_BR_131_M__G1T1701_BR_262_MP,61,23
201701,G1T1701_157_001_H5_G,0,pond,offspring,G1T1701_BR_131_M__G1T1701_BR_262_MP,61,23
201701,G1T1701_157_001_H1_G,0,pond,offspring,G1T1701_BR_131_M__G1T1701_BR_262_MP,61,23
201701,G1T1701_157_001_G11_G,0,pond,offspring,G1T1701_BR_131_M__G1T1701_BR_262_MP,61,23
201701,G1T1701_157_001_F9_G,0,pond,offspring,G1T1701_BR_131_M__G1T1701_BR_262_MP,61,23
201701,G1T1701_157_001_F7_G,0,pond,offspring,G1T1701_BR_131_M__G1T1701_BR_262_MP,61,23
201701,G1T1701_157_001_F12_G,0,pond,offspring,G1T1701_BR_131_M__G1T1701_BR_262_MP,61,23
201701,G1T1701_157_001_E8_G,0,pond,offspring,G1T1701_BR_131_M__G1T1701_BR_262_MP,61,23
201701,G1T1701_157_001_E5_G,0,pond,offspring,G1T1701_BR_131_M__G1T1701_BR_262_MP,61,23
201701,G1T1701_157_001_E1_G,0,pond,offspring,G1T1701_BR_131_M__G1T1701_BR_262_MP,61,23
201701,G1T1701_157_001_D5_G,0,pond,offspring,G1T1701_BR_131_M__G1T1701_BR_262_MP,61,23
201701,G1T1701_157_001_D1_G,0,pond,offspring,G1T1701_BR_131_M__G1T1701_BR_262_MP,61,23
201701,G1T1701_157_001_C9_G,0,pond,offspring,G1T1701_BR_131_M__G1T1701_BR_262_MP,61,23
201701,G1T1701_157_001_C5_G,0,pond,offspring,G1T1701_BR_131_M__G1T1701_BR_262_MP,61,23
201701,G1T1701_157_001_C11_G,0,pond,offspring,G1T1701_BR_131_M__G1T1701_BR_262_MP,61,23
201701,G1T1701_157_001_B8_G,0,pond,offspring,G1T1701_BR_131_M__G1T1701_BR_262_MP,61,23
201701,G1T1701_157_001_B5_G,0,pond,offspring,G1T1701_BR_131_M__G1T1701_BR_262_MP,61,23
201701,G1T1701_157_001_B11_G,0,pond,offspring,G1T1701_BR_131_M__G1T1701_BR_262_MP,61,23
201701,G1T1701_157_001_B1_G,0,pond,offspring,G1T1701_BR_131_M__G1T1701_BR_262_MP,61,23
201701,G1T1701_155_001_F9_G,0,pond,offspring,G1T1701_BR_131_M__G1T1701_BR_262_MP,61,23
201701,G1T1701_155_001_E4_G,0,pond,offspring,G1T1701_BR_131_M__G1T1701_BR_262_MP,61,23
201701,G1T1701_155_001_D9_G,0,pond,offspring,G1T1701_BR_131_M__G1T1701_BR_262_MP,61,23
201701,G1T1701_155_001_B10_G,0,pond,offspring,G1T1701_BR_131_M__G1T1701_BR_262_MP,61,23
201701,G1T1701_149_004_H9_G,0,pond,offspring,G1T1701_BR_131_M__G1T1701_BR_262_MP,61,23
201701,G1T1701_149_004_H5_G,0,pond,offspring,G1T1701_BR_131_M__G1T1701_BR_262_MP,61,23
201701,G1T1701_149_004_G6_G,0,pond,offspring,G1T1701_BR_131_M__G1T1701_BR_262_MP,61,23
201701,G1T1701_149_004_G11_G,0,pond,offspring,G1T1701_BR_131_M__G1T1701_BR_262_MP,61,23
201701,G1T1701_149_004_F3_G,0,pond,offspring,G1T1701_BR_131_M__G1T1701_BR_262_MP,61,23
201701,G1T1701_150_005_H5_G,0,pond,offspring,G1T1701_BR_048_P__G1T1701_BR_001_P,62,24
201701,G1T1701_150_005_F6_G,0,pond,offspring,G1T1701_BR_048_P__G1T1701_BR_001_P,62,24
201701,G1T1701_150_004_F12_G,0,pond,offspring,G1T1701_BR_048_P__G1T1701_BR_001_P,62,24
201701,G1T1701_150_003_F8_G,0,pond,offspring,G1T1701_BR_048_P__G1T1701_BR_001_P,62,24
201701,G1T1701_150_003_E6_G,0,pond,offspring,G1T1701_BR_048_P__G1T1701_BR_001_P,62,24
201701,G1T1701_150_003_C7_G,0,pond,offspring,G1T1701_BR_048_P__G1T1701_BR_001_P,62,24
201701,G1T1701_150_003_B2_G,0,pond,offspring,G1T1701_BR_048_P__G1T1701_BR_001_P,62,24
201701,G1T1701_150_003_A1_G,0,pond,offspring,G1T1701_BR_048_P__G1T1701_BR_001_P,62,24
201701,G1T1701_149_005_B7_G,0,pond,offspring,G1T1701_BR_048_P__G1T1701_BR_001_P,62,24
201701,G1T1701_BR_001_P,0.65,broodstock,father,G1T1701_BR_048_P__G1T1701_BR_001_P,62,24
201701,G1T1701_155_001_C9_G,1.32,pond,offspring,G1T1701_BR_048_P__G1T1701_BR_001_P,62,24
201701,G1T1701_156_001_D2_G,1.42,pond,offspring,G1T1701_BR_048_P__G1T1701_BR_001_P,62,24
201701,G1T1701_150_001_A7_G,1.44,pond,offspring,G1T1701_BR_048_P__G1T1701_BR_001_P,62,24
201701,G1T1701_150_001_F4_G,1.7,pond,offspring,G1T1701_BR_048_P__G1T1701_BR_001_P,62,24
201701,G1T1701_150_001_E5_G,1.7,pond,offspring,G1T1701_BR_048_P__G1T1701_BR_001_P,62,24
201701,G1T1701_149_003_E6_G,1.78,pond,offspring,G1T1701_BR_048_P__G1T1701_BR_001_P,62,24
201701,G1T1701_149_001_C11_G,1.93,pond,offspring,G1T1701_BR_048_P__G1T1701_BR_001_P,62,24
201701,G1T1701_149_001_G10_G,2.02,pond,offspring,G1T1701_BR_048_P__G1T1701_BR_001_P,62,24
201701,G1T1701_150_002_F5_G,2.08,pond,offspring,G1T1701_BR_048_P__G1T1701_BR_001_P,62,24
201701,G1T1701_150_002_D10_G,2.13,pond,offspring,G1T1701_BR_048_P__G1T1701_BR_001_P,62,24
201701,G1T1701_BR_048_P,2.16,broodstock,mother,G1T1701_BR_048_P__G1T1701_BR_001_P,62,24
201701,G1T1701_149_005_F2_G,2.31,pond,offspring,G1T1701_BR_048_P__G1T1701_BR_001_P,62,24
201701,G1T1701_149_002_H11_G,2.41,pond,offspring,G1T1701_BR_048_P__G1T1701_BR_001_P,62,24
201701,G1T1701_155_001_C11_G,2.48,pond,offspring,G1T1701_BR_048_P__G1T1701_BR_001_P,62,24
201701,G1T1701_150_002_E2_G,2.62,pond,offspring,G1T1701_BR_048_P__G1T1701_BR_001_P,62,24
201701,G1T1701_149_003_F12_G,2.93,pond,offspring,G1T1701_BR_048_P__G1T1701_BR_001_P,62,24
201701,G1T1701_150_001_E9_G,3.08,pond,offspring,G1T1701_BR_048_P__G1T1701_BR_001_P,62,24
201701,G1T1701_149_002_E5_G,3.11,pond,offspring,G1T1701_BR_048_P__G1T1701_BR_001_P,62,24
201701,G1T1701_149_003_B5_G,3.53,pond,offspring,G1T1701_BR_048_P__G1T1701_BR_001_P,62,24
201701,G1T1701_150_001_A4_G,4.02,pond,offspring,G1T1701_BR_048_P__G1T1701_BR_001_P,62,24
201701,G1T1701_150_001_G6_G,4.15,pond,offspring,G1T1701_BR_048_P__G1T1701_BR_001_P,62,24
201701,G1T1701_149_001_G9_G,4.18,pond,offspring,G1T1701_BR_048_P__G1T1701_BR_001_P,62,24
201701,G1T1701_150_005_B2_G,4.28,pond,offspring,G1T1701_BR_048_P__G1T1701_BR_001_P,62,24
201701,G1T1701_150_001_F11_G,4.73,pond,offspring,G1T1701_BR_048_P__G1T1701_BR_001_P,62,24
201701,G1T1701_150_004_F3_G,5.01,pond,offspring,G1T1701_BR_048_P__G1T1701_BR_001_P,62,24
201701,G1T1701_150_004_C5_G,5.04,pond,offspring,G1T1701_BR_048_P__G1T1701_BR_001_P,62,24
201701,G1T1701_149_002_A3_G,5.53,pond,offspring,G1T1701_BR_048_P__G1T1701_BR_001_P,62,24
201701,G1T1701_150_004_B2_G,6.69,pond,offspring,G1T1701_BR_048_P__G1T1701_BR_001_P,62,24
201701,G1T1701_RD2_009_PL,7.25,larval,offspring,G1T1701_BR_048_P__G1T1701_BR_001_P,62,24
201701,G1T1701_RD2_034_PL,7.31,larval,offspring,G1T1701_BR_048_P__G1T1701_BR_001_P,62,24
201701,G1T1701_RD2_070_PL,7.58,larval,offspring,G1T1701_BR_048_P__G1T1701_BR_001_P,62,24
201701,G1T1701_RD2_080_PL,7.79,larval,offspring,G1T1701_BR_048_P__G1T1701_BR_001_P,62,24
201701,G1T1701_RD2_017_PL,7.84,larval,offspring,G1T1701_BR_048_P__G1T1701_BR_001_P,62,24
201701,G1T1701_RD2_061_PL,7.88,larval,offspring,G1T1701_BR_048_P__G1T1701_BR_001_P,62,24
201701,G1T1701_RD2_032_PL,7.89,larval,offspring,G1T1701_BR_048_P__G1T1701_BR_001_P,62,24
201701,G1T1701_RD2_072_PL,7.98,larval,offspring,G1T1701_BR_048_P__G1T1701_BR_001_P,62,24
201701,G1T1701_RD2_036_PL,8.06,larval,offspring,G1T1701_BR_048_P__G1T1701_BR_001_P,62,24
201701,G1T1701_RD2_020_PL,8.12,larval,offspring,G1T1701_BR_048_P__G1T1701_BR_001_P,62,24
201701,G1T1701_RD2_073_PL,8.13,larval,offspring,G1T1701_BR_048_P__G1T1701_BR_001_P,62,24
201701,G1T1701_RD2_081_PL,8.24,larval,offspring,G1T1701_BR_048_P__G1T1701_BR_001_P,62,24
201701,G1T1701_RD2_046_PL,8.36,larval,offspring,G1T1701_BR_048_P__G1T1701_BR_001_P,62,24
201701,G1T1701_RD2_077_PL,8.52,larval,offspring,G1T1701_BR_048_P__G1T1701_BR_001_P,62,24
201701,G1T1701_RD2_011_PL,8.64,larval,offspring,G1T1701_BR_048_P__G1T1701_BR_001_P,62,24
201701,G1T1701_155_001_D8_G,0,pond,offspring,G1T1701_BR_048_P__G1T1701_BR_001_P,62,24
201701,G1T1701_149_004_A7_G,0,pond,offspring,G1T1701_BR_048_P__G1T1701_BR_001_P,62,24
201701,G1T1701_161_001_G8_G,0,pond,offspring,G1T1701_BR_062_P__G1T1701_BR_023_P,63,25
201701,G1T1701_161_001_F7_G,0,pond,offspring,G1T1701_BR_062_P__G1T1701_BR_023_P,63,25
201701,G1T1701_161_001_F1_G,0,pond,offspring,G1T1701_BR_062_P__G1T1701_BR_023_P,63,25
201701,G1T1701_161_001_B3_G,0,pond,offspring,G1T1701_BR_062_P__G1T1701_BR_023_P,63,25
201701,G1T1701_161_001_B1_G,0,pond,offspring,G1T1701_BR_062_P__G1T1701_BR_023_P,63,25
201701,G1T1701_161_001_A4_G,0,pond,offspring,G1T1701_BR_062_P__G1T1701_BR_023_P,63,25
201701,G1T1701_161_001_A2_G,0,pond,offspring,G1T1701_BR_062_P__G1T1701_BR_023_P,63,25
201701,G1T1701_160_001_G5_G,0,pond,offspring,G1T1701_BR_062_P__G1T1701_BR_023_P,63,25
201701,G1T1701_160_001_F5_G,0,pond,offspring,G1T1701_BR_062_P__G1T1701_BR_023_P,63,25
201701,G1T1701_160_001_E10_G,0,pond,offspring,G1T1701_BR_062_P__G1T1701_BR_023_P,63,25
201701,G1T1701_160_001_C12_G,0,pond,offspring,G1T1701_BR_062_P__G1T1701_BR_023_P,63,25
201701,G1T1701_160_001_C11_G,0,pond,offspring,G1T1701_BR_062_P__G1T1701_BR_023_P,63,25
201701,G1T1701_156_001_H11_G,0,pond,offspring,G1T1701_BR_062_P__G1T1701_BR_023_P,63,25
201701,G1T1701_156_001_H10_G,0,pond,offspring,G1T1701_BR_062_P__G1T1701_BR_023_P,63,25
201701,G1T1701_156_001_F9_G,0,pond,offspring,G1T1701_BR_062_P__G1T1701_BR_023_P,63,25
201701,G1T1701_156_001_F1_G,0,pond,offspring,G1T1701_BR_062_P__G1T1701_BR_023_P,63,25
201701,G1T1701_156_001_C2_G,0,pond,offspring,G1T1701_BR_062_P__G1T1701_BR_023_P,63,25
201701,G1T1701_156_001_B1_G,0,pond,offspring,G1T1701_BR_062_P__G1T1701_BR_023_P,63,25
201701,G1T1701_152_001_F11_G,0,pond,offspring,G1T1701_BR_062_P__G1T1701_BR_023_P,63,25
201701,G1T1701_152_001_D8_G,0,pond,offspring,G1T1701_BR_062_P__G1T1701_BR_023_P,63,25
201701,G1T1701_150_005_H7_G,0,pond,offspring,G1T1701_BR_062_P__G1T1701_BR_023_P,63,25
201701,G1T1701_150_005_G8_G,0,pond,offspring,G1T1701_BR_062_P__G1T1701_BR_023_P,63,25
201701,G1T1701_150_005_C3_G,0,pond,offspring,G1T1701_BR_062_P__G1T1701_BR_023_P,63,25
201701,G1T1701_150_005_B5_G,0,pond,offspring,G1T1701_BR_062_P__G1T1701_BR_023_P,63,25
201701,G1T1701_150_003_H3_G,0,pond,offspring,G1T1701_BR_062_P__G1T1701_BR_023_P,63,25
201701,G1T1701_150_003_F5_G,0,pond,offspring,G1T1701_BR_062_P__G1T1701_BR_023_P,63,25
201701,G1T1701_150_003_F11_G,0,pond,offspring,G1T1701_BR_062_P__G1T1701_BR_023_P,63,25
201701,G1T1701_150_003_D1_G,0,pond,offspring,G1T1701_BR_062_P__G1T1701_BR_023_P,63,25
201701,G1T1701_150_003_B4_G,0,pond,offspring,G1T1701_BR_062_P__G1T1701_BR_023_P,63,25
201701,G1T1701_150_003_B11_G,0,pond,offspring,G1T1701_BR_062_P__G1T1701_BR_023_P,63,25
201701,G1T1701_150_002_H1_G,0,pond,offspring,G1T1701_BR_062_P__G1T1701_BR_023_P,63,25
201701,G1T1701_150_001_E2_G,0,pond,offspring,G1T1701_BR_062_P__G1T1701_BR_023_P,63,25
201701,G1T1701_149_005_D10_G,0,pond,offspring,G1T1701_BR_062_P__G1T1701_BR_023_P,63,25
201701,G1T1701_149_005_B6_G,0,pond,offspring,G1T1701_BR_062_P__G1T1701_BR_023_P,63,25
201701,G1T1701_149_005_B10_G,0,pond,offspring,G1T1701_BR_062_P__G1T1701_BR_023_P,63,25
201701,G1T1701_149_003_F11_G,0,pond,offspring,G1T1701_BR_062_P__G1T1701_BR_023_P,63,25
201701,G1T1701_149_003_E2_G,0,pond,offspring,G1T1701_BR_062_P__G1T1701_BR_023_P,63,25
201701,G1T1701_149_003_D8_G,0,pond,offspring,G1T1701_BR_062_P__G1T1701_BR_023_P,63,25
201701,G1T1701_149_003_B7_G,0,pond,offspring,G1T1701_BR_062_P__G1T1701_BR_023_P,63,25
201701,G1T1701_149_003_B1_G,0,pond,offspring,G1T1701_BR_062_P__G1T1701_BR_023_P,63,25
201701,G1T1701_149_003_A7_G,0,pond,offspring,G1T1701_BR_062_P__G1T1701_BR_023_P,63,25
201701,G1T1701_149_003_A3_G,0,pond,offspring,G1T1701_BR_062_P__G1T1701_BR_023_P,63,25
201701,G1T1701_149_002_B11_G,0,pond,offspring,G1T1701_BR_062_P__G1T1701_BR_023_P,63,25
201701,G1T1701_149_001_H6_G,0,pond,offspring,G1T1701_BR_062_P__G1T1701_BR_023_P,63,25
201701,G1T1701_149_001_F3_G,0,pond,offspring,G1T1701_BR_062_P__G1T1701_BR_023_P,63,25
201701,G1T1701_149_001_E12_G,0,pond,offspring,G1T1701_BR_062_P__G1T1701_BR_023_P,63,25
201701,G1T1701_149_001_A5_G,0,pond,offspring,G1T1701_BR_062_P__G1T1701_BR_023_P,63,25
201701,G1T1701_149_001_A10_G,0,pond,offspring,G1T1701_BR_062_P__G1T1701_BR_023_P,63,25
201701,G1T1701_BR_023_P,0.48,broodstock,father,G1T1701_BR_062_P__G1T1701_BR_023_P,63,25
201701,G1T1701_156_001_C7_G,0.64,pond,offspring,G1T1701_BR_062_P__G1T1701_BR_023_P,63,25
201701,G1T1701_155_001_B7_G,0.72,pond,offspring,G1T1701_BR_062_P__G1T1701_BR_023_P,63,25
201701,G1T1701_156_001_A3_G,0.73,pond,offspring,G1T1701_BR_062_P__G1T1701_BR_023_P,63,25
201701,G1T1701_161_001_H1_G,0.91,pond,offspring,G1T1701_BR_062_P__G1T1701_BR_023_P,63,25
201701,G1T1701_152_001_E8_G,0.96,pond,offspring,G1T1701_BR_062_P__G1T1701_BR_023_P,63,25
201701,G1T1701_152_001_D12_G,1.05,pond,offspring,G1T1701_BR_062_P__G1T1701_BR_023_P,63,25
201701,G1T1701_155_001_E9_G,1.13,pond,offspring,G1T1701_BR_062_P__G1T1701_BR_023_P,63,25
201701,G1T1701_150_001_C1_G,1.2,pond,offspring,G1T1701_BR_062_P__G1T1701_BR_023_P,63,25
201701,G1T1701_157_001_B3_G,1.24,pond,offspring,G1T1701_BR_062_P__G1T1701_BR_023_P,63,25
201701,G1T1701_BR_062_P,1.26,broodstock,mother,G1T1701_BR_062_P__G1T1701_BR_023_P,63,25
201701,G1T1701_155_001_F4_P,1.31,pond,offspring,G1T1701_BR_062_P__G1T1701_BR_023_P,63,25
201701,G1T1701_149_005_B8_G,1.35,pond,offspring,G1T1701_BR_062_P__G1T1701_BR_023_P,63,25
201701,G1T1701_149_003_B12_G,1.36,pond,offspring,G1T1701_BR_062_P__G1T1701_BR_023_P,63,25
201701,G1T1701_149_001_A9_G,1.39,pond,offspring,G1T1701_BR_062_P__G1T1701_BR_023_P,63,25
201701,G1T1701_150_005_H1_G,1.45,pond,offspring,G1T1701_BR_062_P__G1T1701_BR_023_P,63,25
201701,G1T1701_150_005_D3_G,1.56,pond,offspring,G1T1701_BR_062_P__G1T1701_BR_023_P,63,25
201701,G1T1701_150_001_B11_G,1.63,pond,offspring,G1T1701_BR_062_P__G1T1701_BR_023_P,63,25
201701,G1T1701_150_002_A3_G,1.84,pond,offspring,G1T1701_BR_062_P__G1T1701_BR_023_P,63,25
201701,G1T1701_160_001_C5_G,1.87,pond,offspring,G1T1701_BR_062_P__G1T1701_BR_023_P,63,25
201701,G1T1701_149_005_A9_G,1.94,pond,offspring,G1T1701_BR_062_P__G1T1701_BR_023_P,63,25
201701,G1T1701_157_001_D8_G,1.99,pond,offspring,G1T1701_BR_062_P__G1T1701_BR_023_P,63,25
201701,G1T1701_149_003_C8_G,1.99,pond,offspring,G1T1701_BR_062_P__G1T1701_BR_023_P,63,25
201701,G1T1701_150_001_B12_G,2.12,pond,offspring,G1T1701_BR_062_P__G1T1701_BR_023_P,63,25
201701,G1T1701_149_001_A8_G,2.26,pond,offspring,G1T1701_BR_062_P__G1T1701_BR_023_P,63,25
201701,G1T1701_152_001_A11_G,2.37,pond,offspring,G1T1701_BR_062_P__G1T1701_BR_023_P,63,25
201701,G1T1701_150_002_A6_G,2.49,pond,offspring,G1T1701_BR_062_P__G1T1701_BR_023_P,63,25
201701,G1T1701_149_003_E7_G,3.05,pond,offspring,G1T1701_BR_062_P__G1T1701_BR_023_P,63,25
201701,G1T1701_161_001_C5_G,3.27,pond,offspring,G1T1701_BR_062_P__G1T1701_BR_023_P,63,25
201701,G1T1701_161_001_F12_G,3.28,pond,offspring,G1T1701_BR_062_P__G1T1701_BR_023_P,63,25
201701,G1T1701_150_005_B3_G,3.51,pond,offspring,G1T1701_BR_062_P__G1T1701_BR_023_P,63,25
201701,G1T1701_149_002_F3_G,4.96,pond,offspring,G1T1701_BR_062_P__G1T1701_BR_023_P,63,25
201701,G1T1701_RD3_031_PL,6.42,larval,offspring,G1T1701_BR_062_P__G1T1701_BR_023_P,63,25
201701,G1T1701_RD3_088_PL,6.52,larval,offspring,G1T1701_BR_062_P__G1T1701_BR_023_P,63,25
201701,G1T1701_RD3_071_PL,6.6,larval,offspring,G1T1701_BR_062_P__G1T1701_BR_023_P,63,25
201701,G1T1701_RD3_049_PL,6.63,larval,offspring,G1T1701_BR_062_P__G1T1701_BR_023_P,63,25
201701,G1T1701_RD3_087_PL,6.79,larval,offspring,G1T1701_BR_062_P__G1T1701_BR_023_P,63,25
201701,G1T1701_RD2_062_PL,6.79,larval,offspring,G1T1701_BR_062_P__G1T1701_BR_023_P,63,25
201701,G1T1701_RD3_033_PL,7.06,larval,offspring,G1T1701_BR_062_P__G1T1701_BR_023_P,63,25
201701,G1T1701_RD2_039_PL,7.18,larval,offspring,G1T1701_BR_062_P__G1T1701_BR_023_P,63,25
201701,G1T1701_RD3_015_PL,7.34,larval,offspring,G1T1701_BR_062_P__G1T1701_BR_023_P,63,25
201701,G1T1701_RD3_020_PL,7.38,larval,offspring,G1T1701_BR_062_P__G1T1701_BR_023_P,63,25
201701,G1T1701_RD3_067_PL,7.39,larval,offspring,G1T1701_BR_062_P__G1T1701_BR_023_P,63,25
201701,G1T1701_RD3_076_PL,7.61,larval,offspring,G1T1701_BR_062_P__G1T1701_BR_023_P,63,25
201701,G1T1701_RD3_004_PL,8.09,larval,offspring,G1T1701_BR_062_P__G1T1701_BR_023_P,63,25
201701,G1T1701_155_001_C10_G,0,pond,offspring,G1T1701_BR_062_P__G1T1701_BR_023_P,63,25
201701,G1T1701_155_001_B6_G,0,pond,offspring,G1T1701_BR_062_P__G1T1701_BR_023_P,63,25
201701,G1T1701_149_004_F8_G,0,pond,offspring,G1T1701_BR_062_P__G1T1701_BR_023_P,63,25
201701,G1T1701_149_004_D5_G,0,pond,offspring,G1T1701_BR_062_P__G1T1701_BR_023_P,63,25
201701,G1T1701_149_004_C9_G,0,pond,offspring,G1T1701_BR_062_P__G1T1701_BR_023_P,63,25
201701,G1T1701_149_004_C7_G,0,pond,offspring,G1T1701_BR_062_P__G1T1701_BR_023_P,63,25
201701,G1T1701_149_004_B8_G,0,pond,offspring,G1T1701_BR_062_P__G1T1701_BR_023_P,63,25
201701,G1T1701_149_004_B11_G,0,pond,offspring,G1T1701_BR_062_P__G1T1701_BR_023_P,63,25
201701,G1T1701_149_004_A8_G,0,pond,offspring,G1T1701_BR_062_P__G1T1701_BR_023_P,63,25
201701,G1T1701_BR_049_GP,0,broodstock,mother,G1T1701_BR_049_GP__G1T1701_BR_003_P,64,26
201701,G1T1701_156_001_G4_G,0,pond,offspring,G1T1701_BR_049_GP__G1T1701_BR_003_P,64,26
201701,G1T1701_156_001_C8_G,0,pond,offspring,G1T1701_BR_049_GP__G1T1701_BR_003_P,64,26
201701,G1T1701_156_001_B9_G,0,pond,offspring,G1T1701_BR_049_GP__G1T1701_BR_003_P,64,26
201701,G1T1701_152_001_D9_G,0,pond,offspring,G1T1701_BR_049_GP__G1T1701_BR_003_P,64,26
201701,G1T1701_150_004_H1_G,0,pond,offspring,G1T1701_BR_049_GP__G1T1701_BR_003_P,64,26
201701,G1T1701_150_004_E11_G,0,pond,offspring,G1T1701_BR_049_GP__G1T1701_BR_003_P,64,26
201701,G1T1701_150_004_B9_G,0,pond,offspring,G1T1701_BR_049_GP__G1T1701_BR_003_P,64,26
201701,G1T1701_150_003_G3_G,0,pond,offspring,G1T1701_BR_049_GP__G1T1701_BR_003_P,64,26
201701,G1T1701_150_003_E2_G,0,pond,offspring,G1T1701_BR_049_GP__G1T1701_BR_003_P,64,26
201701,G1T1701_150_003_D10_G,0,pond,offspring,G1T1701_BR_049_GP__G1T1701_BR_003_P,64,26
201701,G1T1701_150_003_B7_G,0,pond,offspring,G1T1701_BR_049_GP__G1T1701_BR_003_P,64,26
201701,G1T1701_150_001_B8_G,0,pond,offspring,G1T1701_BR_049_GP__G1T1701_BR_003_P,64,26
201701,G1T1701_149_003_D9_G,0,pond,offspring,G1T1701_BR_049_GP__G1T1701_BR_003_P,64,26
201701,G1T1701_149_002_E9_G,0,pond,offspring,G1T1701_BR_049_GP__G1T1701_BR_003_P,64,26
201701,G1T1701_149_001_H8_G,0,pond,offspring,G1T1701_BR_049_GP__G1T1701_BR_003_P,64,26
201701,G1T1701_149_001_C6_G,0,pond,offspring,G1T1701_BR_049_GP__G1T1701_BR_003_P,64,26
201701,G1T1701_BR_003_P,0.37,broodstock,father,G1T1701_BR_049_GP__G1T1701_BR_003_P,64,26
201701,G1T1701_156_001_D10_G,0.63,pond,offspring,G1T1701_BR_049_GP__G1T1701_BR_003_P,64,26
201701,G1T1701_156_001_D12_G,0.92,pond,offspring,G1T1701_BR_049_GP__G1T1701_BR_003_P,64,26
201701,G1T1701_155_001_C7_G,0.97,pond,offspring,G1T1701_BR_049_GP__G1T1701_BR_003_P,64,26
201701,G1T1701_152_001_D1_G,1.05,pond,offspring,G1T1701_BR_049_GP__G1T1701_BR_003_P,64,26
201701,G1T1701_156_001_E3_G,1.11,pond,offspring,G1T1701_BR_049_GP__G1T1701_BR_003_P,64,26
201701,G1T1701_156_001_F6_G,1.17,pond,offspring,G1T1701_BR_049_GP__G1T1701_BR_003_P,64,26
201701,G1T1701_149_001_D10_G,1.44,pond,offspring,G1T1701_BR_049_GP__G1T1701_BR_003_P,64,26
201701,G1T1701_150_005_A6_G,1.84,pond,offspring,G1T1701_BR_049_GP__G1T1701_BR_003_P,64,26
201701,G1T1701_150_001_C9_G,1.98,pond,offspring,G1T1701_BR_049_GP__G1T1701_BR_003_P,64,26
201701,G1T1701_149_002_D5_G,2.18,pond,offspring,G1T1701_BR_049_GP__G1T1701_BR_003_P,64,26
201701,G1T1701_149_005_F12_G,2.3,pond,offspring,G1T1701_BR_049_GP__G1T1701_BR_003_P,64,26
201701,G1T1701_149_002_B12_G,2.59,pond,offspring,G1T1701_BR_049_GP__G1T1701_BR_003_P,64,26
201701,G1T1701_149_001_A12_G,2.72,pond,offspring,G1T1701_BR_049_GP__G1T1701_BR_003_P,64,26
201701,G1T1701_149_004_C2_G,3.05,pond,offspring,G1T1701_BR_049_GP__G1T1701_BR_003_P,64,26
201701,G1T1701_150_005_C1_G,4.03,pond,offspring,G1T1701_BR_049_GP__G1T1701_BR_003_P,64,26
201701,G1T1701_156_001_D7_G,4.25,pond,offspring,G1T1701_BR_049_GP__G1T1701_BR_003_P,64,26
201701,G1T1701_150_002_F10_G,4.61,pond,offspring,G1T1701_BR_049_GP__G1T1701_BR_003_P,64,26
201701,G1T1701_150_004_E1_G,5.19,pond,offspring,G1T1701_BR_049_GP__G1T1701_BR_003_P,64,26
201701,G1T1701_149_005_H6_G,5.19,pond,offspring,G1T1701_BR_049_GP__G1T1701_BR_003_P,64,26
201701,G1T1701_RD3_073_PL,6.26,larval,offspring,G1T1701_BR_049_GP__G1T1701_BR_003_P,64,26
201701,G1T1701_RD3_027_PL,6.54,larval,offspring,G1T1701_BR_049_GP__G1T1701_BR_003_P,64,26
201701,G1T1701_RD3_066_PL,6.8,larval,offspring,G1T1701_BR_049_GP__G1T1701_BR_003_P,64,26
201701,G1T1701_RD3_007_PL,6.93,larval,offspring,G1T1701_BR_049_GP__G1T1701_BR_003_P,64,26
201701,G1T1701_RD3_072_PL,7.06,larval,offspring,G1T1701_BR_049_GP__G1T1701_BR_003_P,64,26
201701,G1T1701_RD3_052_PL,7.28,larval,offspring,G1T1701_BR_049_GP__G1T1701_BR_003_P,64,26
201701,G1T1701_RD3_046_PL,7.4,larval,offspring,G1T1701_BR_049_GP__G1T1701_BR_003_P,64,26
201701,G1T1701_RD3_078_PL,7.5,larval,offspring,G1T1701_BR_049_GP__G1T1701_BR_003_P,64,26
201701,G1T1701_RD3_075_PL,7.72,larval,offspring,G1T1701_BR_049_GP__G1T1701_BR_003_P,64,26
201701,G1T1701_149_004_D7_G,0,pond,offspring,G1T1701_BR_049_GP__G1T1701_BR_003_P,64,26
201701,G1T1701_149_004_A12_G,0,pond,offspring,G1T1701_BR_049_GP__G1T1701_BR_003_P,64,26
201701,G1T1701_BR_166_MP,0,broodstock,mother,G1T1701_BR_166_MP__G1T1701_BR_263_MP,65,27
201701,G1T1701_156_001_H7_G,0,pond,offspring,G1T1701_BR_166_MP__G1T1701_BR_263_MP,65,27
201701,G1T1701_156_001_H3_G,0,pond,offspring,G1T1701_BR_166_MP__G1T1701_BR_263_MP,65,27
201701,G1T1701_156_001_G11_G,0,pond,offspring,G1T1701_BR_166_MP__G1T1701_BR_263_MP,65,27
201701,G1T1701_156_001_F5_G,0,pond,offspring,G1T1701_BR_166_MP__G1T1701_BR_263_MP,65,27
201701,G1T1701_156_001_E4_G,0,pond,offspring,G1T1701_BR_166_MP__G1T1701_BR_263_MP,65,27
201701,G1T1701_156_001_D3_G,0,pond,offspring,G1T1701_BR_166_MP__G1T1701_BR_263_MP,65,27
201701,G1T1701_156_001_B4_G,0,pond,offspring,G1T1701_BR_166_MP__G1T1701_BR_263_MP,65,27
201701,G1T1701_150_005_A7_G,0,pond,offspring,G1T1701_BR_166_MP__G1T1701_BR_263_MP,65,27
201701,G1T1701_150_004_G9_G,0,pond,offspring,G1T1701_BR_166_MP__G1T1701_BR_263_MP,65,27
201701,G1T1701_150_004_G4_G,0,pond,offspring,G1T1701_BR_166_MP__G1T1701_BR_263_MP,65,27
201701,G1T1701_150_004_F5_G,0,pond,offspring,G1T1701_BR_166_MP__G1T1701_BR_263_MP,65,27
201701,G1T1701_150_004_A2_G,0,pond,offspring,G1T1701_BR_166_MP__G1T1701_BR_263_MP,65,27
201701,G1T1701_150_003_H10_G,0,pond,offspring,G1T1701_BR_166_MP__G1T1701_BR_263_MP,65,27
201701,G1T1701_150_003_C9_G,0,pond,offspring,G1T1701_BR_166_MP__G1T1701_BR_263_MP,65,27
201701,G1T1701_150_002_H7_G,0,pond,offspring,G1T1701_BR_166_MP__G1T1701_BR_263_MP,65,27
201701,G1T1701_150_002_D4_G,0,pond,offspring,G1T1701_BR_166_MP__G1T1701_BR_263_MP,65,27
201701,G1T1701_150_001_G10_G,0,pond,offspring,G1T1701_BR_166_MP__G1T1701_BR_263_MP,65,27
201701,G1T1701_149_005_F5_G,0,pond,offspring,G1T1701_BR_166_MP__G1T1701_BR_263_MP,65,27
201701,G1T1701_149_005_C2_G,0,pond,offspring,G1T1701_BR_166_MP__G1T1701_BR_263_MP,65,27
201701,G1T1701_149_003_G5_G,0,pond,offspring,G1T1701_BR_166_MP__G1T1701_BR_263_MP,65,27
201701,G1T1701_149_003_D6_G,0,pond,offspring,G1T1701_BR_166_MP__G1T1701_BR_263_MP,65,27
201701,G1T1701_149_003_C12_G,0,pond,offspring,G1T1701_BR_166_MP__G1T1701_BR_263_MP,65,27
201701,G1T1701_149_002_C2_G,0,pond,offspring,G1T1701_BR_166_MP__G1T1701_BR_263_MP,65,27
201701,G1T1701_149_001_H11_G,0,pond,offspring,G1T1701_BR_166_MP__G1T1701_BR_263_MP,65,27
201701,G1T1701_149_001_E2_G,1.2,pond,offspring,G1T1701_BR_166_MP__G1T1701_BR_263_MP,65,27
201701,G1T1701_155_001_B11_G,1.22,pond,offspring,G1T1701_BR_166_MP__G1T1701_BR_263_MP,65,27
201701,G1T1701_149_001_F11_G,1.49,pond,offspring,G1T1701_BR_166_MP__G1T1701_BR_263_MP,65,27
201701,G1T1701_150_001_G3_G,1.61,pond,offspring,G1T1701_BR_166_MP__G1T1701_BR_263_MP,65,27
201701,G1T1701_149_005_A3_G,1.77,pond,offspring,G1T1701_BR_166_MP__G1T1701_BR_263_MP,65,27
201701,G1T1701_149_005_G8_G,1.83,pond,offspring,G1T1701_BR_166_MP__G1T1701_BR_263_MP,65,27
201701,G1T1701_149_005_G9_G,1.93,pond,offspring,G1T1701_BR_166_MP__G1T1701_BR_263_MP,65,27
201701,G1T1701_150_002_H6_G,2.09,pond,offspring,G1T1701_BR_166_MP__G1T1701_BR_263_MP,65,27
201701,G1T1701_150_002_D9_G,2.1,pond,offspring,G1T1701_BR_166_MP__G1T1701_BR_263_MP,65,27
201701,G1T1701_150_002_B3_G,2.46,pond,offspring,G1T1701_BR_166_MP__G1T1701_BR_263_MP,65,27
201701,G1T1701_155_001_F11_G,2.49,pond,offspring,G1T1701_BR_166_MP__G1T1701_BR_263_MP,65,27
201701,G1T1701_150_002_G1_G,2.55,pond,offspring,G1T1701_BR_166_MP__G1T1701_BR_263_MP,65,27
201701,G1T1701_150_002_H10_G,2.62,pond,offspring,G1T1701_BR_166_MP__G1T1701_BR_263_MP,65,27
201701,G1T1701_BR_263_MP,2.77,broodstock,father,G1T1701_BR_166_MP__G1T1701_BR_263_MP,65,27
201701,G1T1701_150_002_C7_G,2.77,pond,offspring,G1T1701_BR_166_MP__G1T1701_BR_263_MP,65,27
201701,G1T1701_149_002_F12_G,2.91,pond,offspring,G1T1701_BR_166_MP__G1T1701_BR_263_MP,65,27
201701,G1T1701_150_002_H5_G,3.36,pond,offspring,G1T1701_BR_166_MP__G1T1701_BR_263_MP,65,27
201701,G1T1701_150_002_F12_G,3.54,pond,offspring,G1T1701_BR_166_MP__G1T1701_BR_263_MP,65,27
201701,G1T1701_155_001_F5_G,3.67,pond,offspring,G1T1701_BR_166_MP__G1T1701_BR_263_MP,65,27
201701,G1T1701_150_004_D5_G,3.92,pond,offspring,G1T1701_BR_166_MP__G1T1701_BR_263_MP,65,27
201701,G1T1701_RD3_032_PL,5.82,larval,offspring,G1T1701_BR_166_MP__G1T1701_BR_263_MP,65,27
201701,G1T1701_150_004_A4_G,5.87,pond,offspring,G1T1701_BR_166_MP__G1T1701_BR_263_MP,65,27
201701,G1T1701_RD3_019_PL,6.04,larval,offspring,G1T1701_BR_166_MP__G1T1701_BR_263_MP,65,27
201701,G1T1701_RD3_009_PL,6.78,larval,offspring,G1T1701_BR_166_MP__G1T1701_BR_263_MP,65,27
201701,G1T1701_RD3_030_PL,7.02,larval,offspring,G1T1701_BR_166_MP__G1T1701_BR_263_MP,65,27
201701,G1T1701_155_001_C2_G,7.2,pond,offspring,G1T1701_BR_166_MP__G1T1701_BR_263_MP,65,27
201701,G1T1701_RD3_077_PL,7.39,larval,offspring,G1T1701_BR_166_MP__G1T1701_BR_263_MP,65,27
201701,G1T1701_RD3_053_PL,7.53,larval,offspring,G1T1701_BR_166_MP__G1T1701_BR_263_MP,65,27
201701,G1T1701_RD3_070_PL,7.56,larval,offspring,G1T1701_BR_166_MP__G1T1701_BR_263_MP,65,27
201701,G1T1701_RD3_022_PL,8.16,larval,offspring,G1T1701_BR_166_MP__G1T1701_BR_263_MP,65,27
201701,G1T1701_155_001_G8_G,0,pond,offspring,G1T1701_BR_166_MP__G1T1701_BR_263_MP,65,27
201701,G1T1701_155_001_G3_G,0,pond,offspring,G1T1701_BR_166_MP__G1T1701_BR_263_MP,65,27
201701,G1T1701_155_001_D4_G,0,pond,offspring,G1T1701_BR_166_MP__G1T1701_BR_263_MP,65,27
201701,G1T1701_155_001_C12_G,0,pond,offspring,G1T1701_BR_166_MP__G1T1701_BR_263_MP,65,27
201701,G1T1701_156_001_H1_G,0,pond,offspring,G1T1701_BR_053_GP__G1T1701_BR_006_P,66,28
201701,G1T1701_156_001_B11_G,0,pond,offspring,G1T1701_BR_053_GP__G1T1701_BR_006_P,66,28
201701,G1T1701_156_001_A8_G,0,pond,offspring,G1T1701_BR_053_GP__G1T1701_BR_006_P,66,28
201701,G1T1701_152_001_H11_G,0,pond,offspring,G1T1701_BR_053_GP__G1T1701_BR_006_P,66,28
201701,G1T1701_152_001_D5_G,0,pond,offspring,G1T1701_BR_053_GP__G1T1701_BR_006_P,66,28
201701,G1T1701_152_001_B4_G,0,pond,offspring,G1T1701_BR_053_GP__G1T1701_BR_006_P,66,28
201701,G1T1701_152_001_A9_G,0,pond,offspring,G1T1701_BR_053_GP__G1T1701_BR_006_P,66,28
201701,G1T1701_150_005_E3_G,0,pond,offspring,G1T1701_BR_053_GP__G1T1701_BR_006_P,66,28
201701,G1T1701_150_005_A11_G,0,pond,offspring,G1T1701_BR_053_GP__G1T1701_BR_006_P,66,28
201701,G1T1701_150_004_H2_G,0,pond,offspring,G1T1701_BR_053_GP__G1T1701_BR_006_P,66,28
201701,G1T1701_150_004_G8_G,0,pond,offspring,G1T1701_BR_053_GP__G1T1701_BR_006_P,66,28
201701,G1T1701_150_004_D2_G,0,pond,offspring,G1T1701_BR_053_GP__G1T1701_BR_006_P,66,28
201701,G1T1701_150_004_C1_G,0,pond,offspring,G1T1701_BR_053_GP__G1T1701_BR_006_P,66,28
201701,G1T1701_150_004_A5_G,0,pond,offspring,G1T1701_BR_053_GP__G1T1701_BR_006_P,66,28
201701,G1T1701_150_003_E3_G,0,pond,offspring,G1T1701_BR_053_GP__G1T1701_BR_006_P,66,28
201701,G1T1701_150_003_C3_G,0,pond,offspring,G1T1701_BR_053_GP__G1T1701_BR_006_P,66,28
201701,G1T1701_150_002_E8_G,0,pond,offspring,G1T1701_BR_053_GP__G1T1701_BR_006_P,66,28
201701,G1T1701_149_005_E12_G,0,pond,offspring,G1T1701_BR_053_GP__G1T1701_BR_006_P,66,28
201701,G1T1701_149_005_A1_G,0,pond,offspring,G1T1701_BR_053_GP__G1T1701_BR_006_P,66,28
201701,G1T1701_149_003_F10_G,0,pond,offspring,G1T1701_BR_053_GP__G1T1701_BR_006_P,66,28
201701,G1T1701_149_003_D11_G,0,pond,offspring,G1T1701_BR_053_GP__G1T1701_BR_006_P,66,28
201701,G1T1701_149_002_F9_G,0,pond,offspring,G1T1701_BR_053_GP__G1T1701_BR_006_P,66,28
201701,G1T1701_149_002_E11_G,0,pond,offspring,G1T1701_BR_053_GP__G1T1701_BR_006_P,66,28
201701,G1T1701_149_002_A5_G,0,pond,offspring,G1T1701_BR_053_GP__G1T1701_BR_006_P,66,28
201701,G1T1701_149_001_F1_G,0,pond,offspring,G1T1701_BR_053_GP__G1T1701_BR_006_P,66,28
201701,G1T1701_149_001_D9_G,0,pond,offspring,G1T1701_BR_053_GP__G1T1701_BR_006_P,66,28
201701,G1T1701_149_001_A3_G,0,pond,offspring,G1T1701_BR_053_GP__G1T1701_BR_006_P,66,28
201701,G1T1701_BR_006_P,0.47,broodstock,father,G1T1701_BR_053_GP__G1T1701_BR_006_P,66,28
201701,G1T1701_149_001_B2_G,1.07,pond,offspring,G1T1701_BR_053_GP__G1T1701_BR_006_P,66,28
201701,G1T1701_155_001_F3_G,1.39,pond,offspring,G1T1701_BR_053_GP__G1T1701_BR_006_P,66,28
201701,G1T1701_150_005_C7_G,1.49,pond,offspring,G1T1701_BR_053_GP__G1T1701_BR_006_P,66,28
201701,G1T1701_BR_053_GP,1.78,broodstock,mother,G1T1701_BR_053_GP__G1T1701_BR_006_P,66,28
201701,G1T1701_149_002_D1_G,2.05,pond,offspring,G1T1701_BR_053_GP__G1T1701_BR_006_P,66,28
201701,G1T1701_149_002_B8_G,2.17,pond,offspring,G1T1701_BR_053_GP__G1T1701_BR_006_P,66,28
201701,G1T1701_150_002_B5_G,2.5,pond,offspring,G1T1701_BR_053_GP__G1T1701_BR_006_P,66,28
201701,G1T1701_149_002_G5_G,3.09,pond,offspring,G1T1701_BR_053_GP__G1T1701_BR_006_P,66,28
201701,G1T1701_150_004_B3_G,4.8,pond,offspring,G1T1701_BR_053_GP__G1T1701_BR_006_P,66,28
201701,G1T1701_150_004_H10_G,4.82,pond,offspring,G1T1701_BR_053_GP__G1T1701_BR_006_P,66,28
201701,G1T1701_RD2_074_PL,5.19,larval,offspring,G1T1701_BR_053_GP__G1T1701_BR_006_P,66,28
201701,G1T1701_150_005_A3_G,6.04,pond,offspring,G1T1701_BR_053_GP__G1T1701_BR_006_P,66,28
201701,G1T1701_RD3_074_PL,6.79,larval,offspring,G1T1701_BR_053_GP__G1T1701_BR_006_P,66,28
201701,G1T1701_RD3_044_PL,6.79,larval,offspring,G1T1701_BR_053_GP__G1T1701_BR_006_P,66,28
201701,G1T1701_RD3_043_PL,6.79,larval,offspring,G1T1701_BR_053_GP__G1T1701_BR_006_P,66,28
201701,G1T1701_RD3_042_PL,6.88,larval,offspring,G1T1701_BR_053_GP__G1T1701_BR_006_P,66,28
201701,G1T1701_RD2_031_PL,7.05,larval,offspring,G1T1701_BR_053_GP__G1T1701_BR_006_P,66,28
201701,G1T1701_RD2_007_PL,7.31,larval,offspring,G1T1701_BR_053_GP__G1T1701_BR_006_P,66,28
201701,G1T1701_RD2_041_PL,7.69,larval,offspring,G1T1701_BR_053_GP__G1T1701_BR_006_P,66,28
201701,G1T1701_RD2_087_PL,8.7,larval,offspring,G1T1701_BR_053_GP__G1T1701_BR_006_P,66,28
201701,G1T1701_155_001_H11_G,0,pond,offspring,G1T1701_BR_053_GP__G1T1701_BR_006_P,66,28
201701,G1T1701_149_004_D9_G,0,pond,offspring,G1T1701_BR_053_GP__G1T1701_BR_006_P,66,28
201701,G1T1701_149_004_B2_G,0,pond,offspring,G1T1701_BR_053_GP__G1T1701_BR_006_P,66,28
201701,G1T1701_156_001_G1_G,0,pond,offspring,G1T1701_BR_139_MP__G1T1701_BR_042_P,67,29
201701,G1T1701_150_005_G11_G,0,pond,offspring,G1T1701_BR_139_MP__G1T1701_BR_042_P,67,29
201701,G1T1701_150_005_E7_G,0,pond,offspring,G1T1701_BR_139_MP__G1T1701_BR_042_P,67,29
201701,G1T1701_150_005_C6_G,0,pond,offspring,G1T1701_BR_139_MP__G1T1701_BR_042_P,67,29
201701,G1T1701_150_003_G4_G,0,pond,offspring,G1T1701_BR_139_MP__G1T1701_BR_042_P,67,29
201701,G1T1701_150_001_D7_G,0,pond,offspring,G1T1701_BR_139_MP__G1T1701_BR_042_P,67,29
201701,G1T1701_149_005_F3_G,0,pond,offspring,G1T1701_BR_139_MP__G1T1701_BR_042_P,67,29
201701,G1T1701_149_005_D7_G,0,pond,offspring,G1T1701_BR_139_MP__G1T1701_BR_042_P,67,29
201701,G1T1701_149_005_D12_G,0,pond,offspring,G1T1701_BR_139_MP__G1T1701_BR_042_P,67,29
201701,G1T1701_149_005_C8_G,0,pond,offspring,G1T1701_BR_139_MP__G1T1701_BR_042_P,67,29
201701,G1T1701_149_003_D5_G,0,pond,offspring,G1T1701_BR_139_MP__G1T1701_BR_042_P,67,29
201701,G1T1701_149_001_H1_G,0,pond,offspring,G1T1701_BR_139_MP__G1T1701_BR_042_P,67,29
201701,G1T1701_149_001_G7_G,0,pond,offspring,G1T1701_BR_139_MP__G1T1701_BR_042_P,67,29
201701,G1T1701_149_001_F7_G,0,pond,offspring,G1T1701_BR_139_MP__G1T1701_BR_042_P,67,29
201701,G1T1701_149_001_F5_G,0,pond,offspring,G1T1701_BR_139_MP__G1T1701_BR_042_P,67,29
201701,G1T1701_149_001_A1_G,0,pond,offspring,G1T1701_BR_139_MP__G1T1701_BR_042_P,67,29
201701,G1T1701_156_001_D5_G,0.95,pond,offspring,G1T1701_BR_139_MP__G1T1701_BR_042_P,67,29
201701,G1T1701_BR_042_P,1.07,broodstock,father,G1T1701_BR_139_MP__G1T1701_BR_042_P,67,29
201701,G1T1701_149_003_C1_G,1.15,pond,offspring,G1T1701_BR_139_MP__G1T1701_BR_042_P,67,29
201701,G1T1701_150_001_E1_G,2.06,pond,offspring,G1T1701_BR_139_MP__G1T1701_BR_042_P,67,29
201701,G1T1701_150_002_C11_G,2.14,pond,offspring,G1T1701_BR_139_MP__G1T1701_BR_042_P,67,29
201701,G1T1701_150_002_B4_G,2.18,pond,offspring,G1T1701_BR_139_MP__G1T1701_BR_042_P,67,29
201701,G1T1701_149_002_A12_G,2.21,pond,offspring,G1T1701_BR_139_MP__G1T1701_BR_042_P,67,29
201701,G1T1701_149_004_C4_G,2.24,pond,offspring,G1T1701_BR_139_MP__G1T1701_BR_042_P,67,29
201701,G1T1701_149_002_A1_G,2.57,pond,offspring,G1T1701_BR_139_MP__G1T1701_BR_042_P,67,29
201701,G1T1701_149_005_H9_G,2.83,pond,offspring,G1T1701_BR_139_MP__G1T1701_BR_042_P,67,29
201701,G1T1701_149_005_H8_G,2.83,pond,offspring,G1T1701_BR_139_MP__G1T1701_BR_042_P,67,29
201701,G1T1701_149_002_G10_G,3.72,pond,offspring,G1T1701_BR_139_MP__G1T1701_BR_042_P,67,29
201701,G1T1701_149_005_C12_G,3.76,pond,offspring,G1T1701_BR_139_MP__G1T1701_BR_042_P,67,29
201701,G1T1701_149_004_G4_G,4.05,pond,offspring,G1T1701_BR_139_MP__G1T1701_BR_042_P,67,29
201701,G1T1701_150_003_A10_G,4.45,pond,offspring,G1T1701_BR_139_MP__G1T1701_BR_042_P,67,29
201701,G1T1701_150_005_F12_G,4.48,pond,offspring,G1T1701_BR_139_MP__G1T1701_BR_042_P,67,29
201701,G1T1701_150_005_C4_G,5.02,pond,offspring,G1T1701_BR_139_MP__G1T1701_BR_042_P,67,29
201701,G1T1701_149_005_E4_G,5.28,pond,offspring,G1T1701_BR_139_MP__G1T1701_BR_042_P,67,29
201701,G1T1701_BR_139_MP,5.37,broodstock,mother,G1T1701_BR_139_MP__G1T1701_BR_042_P,67,29
201701,G1T1701_149_002_F5_G,5.63,pond,offspring,G1T1701_BR_139_MP__G1T1701_BR_042_P,67,29
201701,G1T1701_RD3_006_PL,6.54,larval,offspring,G1T1701_BR_139_MP__G1T1701_BR_042_P,67,29
201701,G1T1701_RD3_048_PL,6.57,larval,offspring,G1T1701_BR_139_MP__G1T1701_BR_042_P,67,29
201701,G1T1701_RD3_068_PL,7.39,larval,offspring,G1T1701_BR_139_MP__G1T1701_BR_042_P,67,29
201701,G1T1701_RD3_055_PL,8.04,larval,offspring,G1T1701_BR_139_MP__G1T1701_BR_042_P,67,29
201701,G1T1701_RD3_057_PL,8.19,larval,offspring,G1T1701_BR_139_MP__G1T1701_BR_042_P,67,29
201701,G1T1701_RD3_061_PL,8.34,larval,offspring,G1T1701_BR_139_MP__G1T1701_BR_042_P,67,29
201701,G1T1701_RD3_014_PL,8.96,larval,offspring,G1T1701_BR_139_MP__G1T1701_BR_042_P,67,29
201701,G1T1701_155_001_B9_G,0,pond,offspring,G1T1701_BR_139_MP__G1T1701_BR_042_P,67,29
201701,G1T1701_149_004_F11_G,0,pond,offspring,G1T1701_BR_139_MP__G1T1701_BR_042_P,67,29
201701,G1T1701_149_004_F10_G,0,pond,offspring,G1T1701_BR_139_MP__G1T1701_BR_042_P,67,29
201701,G1T1701_149_004_E8_G,0,pond,offspring,G1T1701_BR_139_MP__G1T1701_BR_042_P,67,29
201701,G1T1701_149_004_D8_G,0,pond,offspring,G1T1701_BR_139_MP__G1T1701_BR_042_P,67,29
201701,G1T1701_149_004_B5_G,0,pond,offspring,G1T1701_BR_139_MP__G1T1701_BR_042_P,67,29
201701,G1T1701_BR_119_MP,0,broodstock,mother,G1T1701_BR_119_MP__G1T1701_BR_324_MP,68,30
201701,G1T1701_156_001_F3_G,0,pond,offspring,G1T1701_BR_119_MP__G1T1701_BR_324_MP,68,30
201701,G1T1701_156_001_E9_G,0,pond,offspring,G1T1701_BR_119_MP__G1T1701_BR_324_MP,68,30
201701,G1T1701_150_005_F5_G,0,pond,offspring,G1T1701_BR_119_MP__G1T1701_BR_324_MP,68,30
201701,G1T1701_150_005_D12_G,0,pond,offspring,G1T1701_BR_119_MP__G1T1701_BR_324_MP,68,30
201701,G1T1701_150_004_E5_G,0,pond,offspring,G1T1701_BR_119_MP__G1T1701_BR_324_MP,68,30
201701,G1T1701_150_004_C4_G,0,pond,offspring,G1T1701_BR_119_MP__G1T1701_BR_324_MP,68,30
201701,G1T1701_150_003_H2_G,0,pond,offspring,G1T1701_BR_119_MP__G1T1701_BR_324_MP,68,30
201701,G1T1701_150_002_H4_G,0,pond,offspring,G1T1701_BR_119_MP__G1T1701_BR_324_MP,68,30
201701,G1T1701_150_002_F8_G,0,pond,offspring,G1T1701_BR_119_MP__G1T1701_BR_324_MP,68,30
201701,G1T1701_150_002_E11_G,0,pond,offspring,G1T1701_BR_119_MP__G1T1701_BR_324_MP,68,30
201701,G1T1701_150_001_A1_G,0,pond,offspring,G1T1701_BR_119_MP__G1T1701_BR_324_MP,68,30
201701,G1T1701_149_001_A2_G,0,pond,offspring,G1T1701_BR_119_MP__G1T1701_BR_324_MP,68,30
201701,G1T1701_155_001_D10_G,1.04,pond,offspring,G1T1701_BR_119_MP__G1T1701_BR_324_MP,68,30
201701,G1T1701_150_005_A5_G,1.49,pond,offspring,G1T1701_BR_119_MP__G1T1701_BR_324_MP,68,30
201701,G1T1701_BR_324_MP,1.66,broodstock,father,G1T1701_BR_119_MP__G1T1701_BR_324_MP,68,30
201701,G1T1701_149_003_H1_G,1.88,pond,offspring,G1T1701_BR_119_MP__G1T1701_BR_324_MP,68,30
201701,G1T1701_150_001_C10_G,2.13,pond,offspring,G1T1701_BR_119_MP__G1T1701_BR_324_MP,68,30
201701,G1T1701_150_002_A4_G,3.53,pond,offspring,G1T1701_BR_119_MP__G1T1701_BR_324_MP,68,30
201701,G1T1701_150_004_B11_G,3.72,pond,offspring,G1T1701_BR_119_MP__G1T1701_BR_324_MP,68,30
201701,G1T1701_149_005_C7_G,3.77,pond,offspring,G1T1701_BR_119_MP__G1T1701_BR_324_MP,68,30
201701,G1T1701_150_004_E4_G,3.79,pond,offspring,G1T1701_BR_119_MP__G1T1701_BR_324_MP,68,30
201701,G1T1701_149_001_D1_G,3.98,pond,offspring,G1T1701_BR_119_MP__G1T1701_BR_324_MP,68,30
201701,G1T1701_149_005_B1_G,4.34,pond,offspring,G1T1701_BR_119_MP__G1T1701_BR_324_MP,68,30
201701,G1T1701_149_002_D7_G,4.52,pond,offspring,G1T1701_BR_119_MP__G1T1701_BR_324_MP,68,30
201701,G1T1701_150_004_H7_G,4.65,pond,offspring,G1T1701_BR_119_MP__G1T1701_BR_324_MP,68,30
201701,G1T1701_149_002_B7_G,4.9,pond,offspring,G1T1701_BR_119_MP__G1T1701_BR_324_MP,68,30
201701,G1T1701_149_002_B10_G,5.13,pond,offspring,G1T1701_BR_119_MP__G1T1701_BR_324_MP,68,30
201701,G1T1701_149_004_D2_G,5.15,pond,offspring,G1T1701_BR_119_MP__G1T1701_BR_324_MP,68,30
201701,G1T1701_150_005_F1_G,5.34,pond,offspring,G1T1701_BR_119_MP__G1T1701_BR_324_MP,68,30
201701,G1T1701_155_001_A11_G,5.63,pond,offspring,G1T1701_BR_119_MP__G1T1701_BR_324_MP,68,30
201701,G1T1701_RD2_028_PL,6.91,larval,offspring,G1T1701_BR_119_MP__G1T1701_BR_324_MP,68,30
201701,G1T1701_RD2_035_PL,7.35,larval,offspring,G1T1701_BR_119_MP__G1T1701_BR_324_MP,68,30
201701,G1T1701_RD2_069_PL,7.37,larval,offspring,G1T1701_BR_119_MP__G1T1701_BR_324_MP,68,30
201701,G1T1701_RD2_071_PL,7.56,larval,offspring,G1T1701_BR_119_MP__G1T1701_BR_324_MP,68,30
201701,G1T1701_RD2_067_PL,7.64,larval,offspring,G1T1701_BR_119_MP__G1T1701_BR_324_MP,68,30
201701,G1T1701_RD2_088_PL,7.73,larval,offspring,G1T1701_BR_119_MP__G1T1701_BR_324_MP,68,30
201701,G1T1701_RD2_027_PL,7.76,larval,offspring,G1T1701_BR_119_MP__G1T1701_BR_324_MP,68,30
201701,G1T1701_149_004_E10_G,0,pond,offspring,G1T1701_BR_119_MP__G1T1701_BR_324_MP,68,30
201701,G1T1701_149_004_D11_G,0,pond,offspring,G1T1701_BR_119_MP__G1T1701_BR_324_MP,68,30
201701,G1T1701_149_004_C8_G,0,pond,offspring,G1T1701_BR_119_MP__G1T1701_BR_324_MP,68,30
201701,G1T1701_156_001_D8_G,0,pond,offspring,G1T1701_BR_067_GP__G1T1701_BR_037_P,69,31
201701,G1T1701_156_001_C6_G,0,pond,offspring,G1T1701_BR_067_GP__G1T1701_BR_037_P,69,31
201701,G1T1701_156_001_A6_G,0,pond,offspring,G1T1701_BR_067_GP__G1T1701_BR_037_P,69,31
201701,G1T1701_152_001_H3_G,0,pond,offspring,G1T1701_BR_067_GP__G1T1701_BR_037_P,69,31
201701,G1T1701_152_001_G8_G,0,pond,offspring,G1T1701_BR_067_GP__G1T1701_BR_037_P,69,31
201701,G1T1701_152_001_B1_G,0,pond,offspring,G1T1701_BR_067_GP__G1T1701_BR_037_P,69,31
201701,G1T1701_150_005_F9_G,0,pond,offspring,G1T1701_BR_067_GP__G1T1701_BR_037_P,69,31
201701,G1T1701_150_005_F2_G,0,pond,offspring,G1T1701_BR_067_GP__G1T1701_BR_037_P,69,31
201701,G1T1701_150_005_F11_G,0,pond,offspring,G1T1701_BR_067_GP__G1T1701_BR_037_P,69,31
201701,G1T1701_150_004_C9_G,0,pond,offspring,G1T1701_BR_067_GP__G1T1701_BR_037_P,69,31
201701,G1T1701_150_004_A12_G,0,pond,offspring,G1T1701_BR_067_GP__G1T1701_BR_037_P,69,31
201701,G1T1701_150_003_H5_G,0,pond,offspring,G1T1701_BR_067_GP__G1T1701_BR_037_P,69,31
201701,G1T1701_150_003_E11_G,0,pond,offspring,G1T1701_BR_067_GP__G1T1701_BR_037_P,69,31
201701,G1T1701_150_002_C1_G,0,pond,offspring,G1T1701_BR_067_GP__G1T1701_BR_037_P,69,31
201701,G1T1701_150_002_A5_G,0,pond,offspring,G1T1701_BR_067_GP__G1T1701_BR_037_P,69,31
201701,G1T1701_150_001_A12_G,0,pond,offspring,G1T1701_BR_067_GP__G1T1701_BR_037_P,69,31
201701,G1T1701_149_002_C5_G,0,pond,offspring,G1T1701_BR_067_GP__G1T1701_BR_037_P,69,31
201701,G1T1701_149_001_G11_G,0,pond,offspring,G1T1701_BR_067_GP__G1T1701_BR_037_P,69,31
201701,G1T1701_BR_037_P,0.3,broodstock,father,G1T1701_BR_067_GP__G1T1701_BR_037_P,69,31
201701,G1T1701_150_001_C8_G,1.09,pond,offspring,G1T1701_BR_067_GP__G1T1701_BR_037_P,69,31
201701,G1T1701_150_001_E8_G,1.5,pond,offspring,G1T1701_BR_067_GP__G1T1701_BR_037_P,69,31
201701,G1T1701_149_003_E9_G,1.53,pond,offspring,G1T1701_BR_067_GP__G1T1701_BR_037_P,69,31
201701,G1T1701_149_005_H11_G,1.72,pond,offspring,G1T1701_BR_067_GP__G1T1701_BR_037_P,69,31
201701,G1T1701_149_003_A8_G,1.72,pond,offspring,G1T1701_BR_067_GP__G1T1701_BR_037_P,69,31
201701,G1T1701_149_005_H10_G,1.86,pond,offspring,G1T1701_BR_067_GP__G1T1701_BR_037_P,69,31
201701,G1T1701_150_005_G5_G,1.92,pond,offspring,G1T1701_BR_067_GP__G1T1701_BR_037_P,69,31
201701,G1T1701_149_001_D11_G,1.95,pond,offspring,G1T1701_BR_067_GP__G1T1701_BR_037_P,69,31
201701,G1T1701_150_002_F11_G,2.12,pond,offspring,G1T1701_BR_067_GP__G1T1701_BR_037_P,69,31
201701,G1T1701_150_002_B6_G,2.13,pond,offspring,G1T1701_BR_067_GP__G1T1701_BR_037_P,69,31
201701,G1T1701_BR_067_GP,2.32,broodstock,mother,G1T1701_BR_067_GP__G1T1701_BR_037_P,69,31
201701,G1T1701_150_005_A12_G,2.54,pond,offspring,G1T1701_BR_067_GP__G1T1701_BR_037_P,69,31
201701,G1T1701_150_001_B5_G,3.04,pond,offspring,G1T1701_BR_067_GP__G1T1701_BR_037_P,69,31
201701,G1T1701_150_002_F9_G,3.24,pond,offspring,G1T1701_BR_067_GP__G1T1701_BR_037_P,69,31
201701,G1T1701_150_001_G7_G,3.47,pond,offspring,G1T1701_BR_067_GP__G1T1701_BR_037_P,69,31
201701,G1T1701_150_001_D3_G,3.62,pond,offspring,G1T1701_BR_067_GP__G1T1701_BR_037_P,69,31
201701,G1T1701_RD3_050_PL,3.96,larval,offspring,G1T1701_BR_067_GP__G1T1701_BR_037_P,69,31
201701,G1T1701_RD3_025_PL,5.23,larval,offspring,G1T1701_BR_067_GP__G1T1701_BR_037_P,69,31
201701,G1T1701_RD3_085_PL,6.01,larval,offspring,G1T1701_BR_067_GP__G1T1701_BR_037_P,69,31
201701,G1T1701_RD3_001_PL,6.53,larval,offspring,G1T1701_BR_067_GP__G1T1701_BR_037_P,69,31
201701,G1T1701_RD3_084_PL,7.12,larval,offspring,G1T1701_BR_067_GP__G1T1701_BR_037_P,69,31
201701,G1T1701_RD3_059_PL,8.16,larval,offspring,G1T1701_BR_067_GP__G1T1701_BR_037_P,69,31
201701,G1T1701_155_001_C1_G,0,pond,offspring,G1T1701_BR_067_GP__G1T1701_BR_037_P,69,31
201701,G1T1701_149_004_H11_G,0,pond,offspring,G1T1701_BR_067_GP__G1T1701_BR_037_P,69,31
201701,G1T1701_149_004_B9_G,0,pond,offspring,G1T1701_BR_067_GP__G1T1701_BR_037_P,69,31
201701,G1T1701_149_004_A9_G,0,pond,offspring,G1T1701_BR_067_GP__G1T1701_BR_037_P,69,31
201701,G1T1701_149_004_A1_G,0,pond,offspring,G1T1701_BR_067_GP__G1T1701_BR_037_P,69,31
201701,G1T1701_156_001_A10_G,0,pond,offspring,G1T1701_BR_062_P__G1T1701_BR_024_P,70,32
201701,G1T1701_150_005_B6_G,0,pond,offspring,G1T1701_BR_062_P__G1T1701_BR_024_P,70,32
201701,G1T1701_150_004_G3_G,0,pond,offspring,G1T1701_BR_062_P__G1T1701_BR_024_P,70,32
201701,G1T1701_150_004_B7_G,0,pond,offspring,G1T1701_BR_062_P__G1T1701_BR_024_P,70,32
201701,G1T1701_150_004_A8_G,0,pond,offspring,G1T1701_BR_062_P__G1T1701_BR_024_P,70,32
201701,G1T1701_150_003_C1_G,0,pond,offspring,G1T1701_BR_062_P__G1T1701_BR_024_P,70,32
201701,G1T1701_150_002_G9_G,0,pond,offspring,G1T1701_BR_062_P__G1T1701_BR_024_P,70,32
201701,G1T1701_149_003_E3_G,0,pond,offspring,G1T1701_BR_062_P__G1T1701_BR_024_P,70,32
201701,G1T1701_149_003_E11_G,0,pond,offspring,G1T1701_BR_062_P__G1T1701_BR_024_P,70,32
201701,G1T1701_149_003_B3_G,0,pond,offspring,G1T1701_BR_062_P__G1T1701_BR_024_P,70,32
201701,G1T1701_BR_024_P,0.98,broodstock,father,G1T1701_BR_062_P__G1T1701_BR_024_P,70,32
201701,G1T1701_149_001_H4_G,1.03,pond,offspring,G1T1701_BR_062_P__G1T1701_BR_024_P,70,32
201701,G1T1701_BR_062_P,1.26,broodstock,mother,G1T1701_BR_062_P__G1T1701_BR_024_P,70,32
201701,G1T1701_150_001_D9_G,1.57,pond,offspring,G1T1701_BR_062_P__G1T1701_BR_024_P,70,32
201701,G1T1701_149_003_H7_G,1.69,pond,offspring,G1T1701_BR_062_P__G1T1701_BR_024_P,70,32
201701,G1T1701_150_005_G4_G,1.93,pond,offspring,G1T1701_BR_062_P__G1T1701_BR_024_P,70,32
201701,G1T1701_149_002_A10_G,2,pond,offspring,G1T1701_BR_062_P__G1T1701_BR_024_P,70,32
201701,G1T1701_149_002_G1_G,2.55,pond,offspring,G1T1701_BR_062_P__G1T1701_BR_024_P,70,32
201701,G1T1701_150_005_D7_G,2.75,pond,offspring,G1T1701_BR_062_P__G1T1701_BR_024_P,70,32
201701,G1T1701_155_001_A4_G,4.18,pond,offspring,G1T1701_BR_062_P__G1T1701_BR_024_P,70,32
201701,G1T1701_149_005_D4_G,4.38,pond,offspring,G1T1701_BR_062_P__G1T1701_BR_024_P,70,32
201701,G1T1701_149_001_D12_G,5.11,pond,offspring,G1T1701_BR_062_P__G1T1701_BR_024_P,70,32
201701,G1T1701_149_002_F4_G,5.75,pond,offspring,G1T1701_BR_062_P__G1T1701_BR_024_P,70,32
201701,G1T1701_RD2_085_PL,7.13,larval,offspring,G1T1701_BR_062_P__G1T1701_BR_024_P,70,32
201701,G1T1701_RD2_092_PL,7.22,larval,offspring,G1T1701_BR_062_P__G1T1701_BR_024_P,70,32
201701,G1T1701_RD2_038_PL,7.49,larval,offspring,G1T1701_BR_062_P__G1T1701_BR_024_P,70,32
201701,G1T1701_RD2_075_PL,7.66,larval,offspring,G1T1701_BR_062_P__G1T1701_BR_024_P,70,32
201701,G1T1701_RD2_076_PL,8.77,larval,offspring,G1T1701_BR_062_P__G1T1701_BR_024_P,70,32
201701,G1T1701_155_001_G7_G,0,pond,offspring,G1T1701_BR_062_P__G1T1701_BR_024_P,70,32
201701,G1T1701_155_001_G5_G,0,pond,offspring,G1T1701_BR_062_P__G1T1701_BR_024_P,70,32
201701,G1T1701_155_001_E8_G,0,pond,offspring,G1T1701_BR_062_P__G1T1701_BR_024_P,70,32
201701,G1T1701_155_001_B4_G,0,pond,offspring,G1T1701_BR_062_P__G1T1701_BR_024_P,70,32
201701,G1T1701_149_004_G1_G,0,pond,offspring,G1T1701_BR_062_P__G1T1701_BR_024_P,70,32
201701,G1T1701_149_004_E6_G,0,pond,offspring,G1T1701_BR_062_P__G1T1701_BR_024_P,70,32
201701,G1T1701_149_004_A3_G,0,pond,offspring,G1T1701_BR_062_P__G1T1701_BR_024_P,70,32
